drop table comments;
drop table ideas;
drop table events;

CREATE TABLE `events` (
  `event_id` INT NOT NULL,
  `question` TEXT NOT NULL,
  PRIMARY KEY (`event_id`)
);

CREATE TABLE `ideas` (
  `idea_id` INT NOT NULL,
  `event` INT NOT NULL,
  `content` TEXT NOT NULL,
  PRIMARY KEY (`idea_id`),
  CONSTRAINT `FK_EVENT` FOREIGN KEY (`event`) REFERENCES `events` (`event_id`)
);

CREATE TABLE `comments` (
  `comment_id` INT NOT NULL,
  `idea` INT NOT NULL,
  `content` TEXT NOT NULL,
  PRIMARY KEY (`comment_id`),
  CONSTRAINT `FK_COMMENT` FOREIGN KEY (`idea`) REFERENCES `ideas` (`idea_id`)
);

insert into events (event_id, question) values (1, 'Fusce congue, diam id ornare imperdiet, sapien urna pretium nisl, ut volutpat sapien arcu sed augue.');
insert into events (event_id, question) values (2, 'Quisque erat eros, viverra eget, congue eget, semper rutrum, nulla.');
insert into events (event_id, question) values (3, 'In hac habitasse platea dictumst.');
insert into events (event_id, question) values (4, 'Lorem ipsum dolor sit amet, consectetuer adipiscing elit.');
insert into events (event_id, question) values (5, 'Nunc nisl.');
insert into events (event_id, question) values (6, 'Aenean lectus.');
insert into events (event_id, question) values (7, 'Nunc purus.');
insert into events (event_id, question) values (8, 'Proin leo odio, porttitor id, consequat in, consequat ut, nulla.');
insert into events (event_id, question) values (9, 'Ut tellus.');
insert into events (event_id, question) values (10, 'Fusce posuere felis sed lacus.');
insert into events (event_id, question) values (11, 'Lorem ipsum dolor sit amet, consectetuer adipiscing elit.');
insert into events (event_id, question) values (12, 'Proin interdum mauris non ligula pellentesque ultrices.');
insert into events (event_id, question) values (13, 'Duis bibendum, felis sed interdum venenatis, turpis enim blandit mi, in porttitor pede justo eu massa.');
insert into events (event_id, question) values (14, 'Suspendisse potenti.');
insert into events (event_id, question) values (15, 'Duis consequat dui nec nisi volutpat eleifend.');
insert into events (event_id, question) values (16, 'Integer ac leo.');
insert into events (event_id, question) values (17, 'Integer aliquet, massa id lobortis convallis, tortor risus dapibus augue, vel accumsan tellus nisi eu orci.');
insert into events (event_id, question) values (18, 'In hac habitasse platea dictumst.');
insert into events (event_id, question) values (19, 'Aenean lectus.');
insert into events (event_id, question) values (20, 'Integer non velit.');
insert into events (event_id, question) values (21, 'Integer pede justo, lacinia eget, tincidunt eget, tempus vel, pede.');
insert into events (event_id, question) values (22, 'Curabitur in libero ut massa volutpat convallis.');
insert into events (event_id, question) values (23, 'Vestibulum ante ipsum primis in faucibus orci luctus et ultrices posuere cubilia Curae; Nulla dapibus dolor vel est.');
insert into events (event_id, question) values (24, 'Etiam faucibus cursus urna.');
insert into events (event_id, question) values (25, 'Curabitur in libero ut massa volutpat convallis.');
insert into events (event_id, question) values (26, 'Quisque id justo sit amet sapien dignissim vestibulum.');
insert into events (event_id, question) values (27, 'Vivamus metus arcu, adipiscing molestie, hendrerit at, vulputate vitae, nisl.');
insert into events (event_id, question) values (28, 'In est risus, auctor sed, tristique in, tempus sit amet, sem.');
insert into events (event_id, question) values (29, 'Morbi porttitor lorem id ligula.');
insert into events (event_id, question) values (30, 'In tempor, turpis nec euismod scelerisque, quam turpis adipiscing lorem, vitae mattis nibh ligula nec sem.');
insert into events (event_id, question) values (31, 'Pellentesque eget nunc.');
insert into events (event_id, question) values (32, 'Aliquam quis turpis eget elit sodales scelerisque.');
insert into events (event_id, question) values (33, 'Morbi vestibulum, velit id pretium iaculis, diam erat fermentum justo, nec condimentum neque sapien placerat ante.');
insert into events (event_id, question) values (34, 'Nulla suscipit ligula in lacus.');
insert into events (event_id, question) values (35, 'Etiam justo.');
insert into events (event_id, question) values (36, 'Vivamus vestibulum sagittis sapien.');
insert into events (event_id, question) values (37, 'In eleifend quam a odio.');
insert into events (event_id, question) values (38, 'Nullam molestie nibh in lectus.');
insert into events (event_id, question) values (39, 'Sed vel enim sit amet nunc viverra dapibus.');
insert into events (event_id, question) values (40, 'Mauris enim leo, rhoncus sed, vestibulum sit amet, cursus id, turpis.');
insert into events (event_id, question) values (41, 'Ut tellus.');
insert into events (event_id, question) values (42, 'Morbi ut odio.');
insert into events (event_id, question) values (43, 'Lorem ipsum dolor sit amet, consectetuer adipiscing elit.');
insert into events (event_id, question) values (44, 'Curabitur convallis.');
insert into events (event_id, question) values (45, 'Nullam orci pede, venenatis non, sodales sed, tincidunt eu, felis.');
insert into events (event_id, question) values (46, 'Fusce consequat.');
insert into events (event_id, question) values (47, 'Fusce lacus purus, aliquet at, feugiat non, pretium quis, lectus.');
insert into events (event_id, question) values (48, 'Sed vel enim sit amet nunc viverra dapibus.');
insert into events (event_id, question) values (49, 'In hac habitasse platea dictumst.');
insert into events (event_id, question) values (50, 'Duis at velit eu est congue elementum.');
insert into events (event_id, question) values (51, 'Maecenas rhoncus aliquam lacus.');
insert into events (event_id, question) values (52, 'Nunc purus.');
insert into events (event_id, question) values (53, 'Nam ultrices, libero non mattis pulvinar, nulla pede ullamcorper augue, a suscipit nulla elit ac nulla.');
insert into events (event_id, question) values (54, 'Suspendisse ornare consequat lectus.');
insert into events (event_id, question) values (55, 'Nunc nisl.');
insert into events (event_id, question) values (56, 'Nunc rhoncus dui vel sem.');
insert into events (event_id, question) values (57, 'Nulla ac enim.');
insert into events (event_id, question) values (58, 'Etiam vel augue.');
insert into events (event_id, question) values (59, 'Phasellus in felis.');
insert into events (event_id, question) values (60, 'Morbi ut odio.');
insert into events (event_id, question) values (61, 'Donec vitae nisi.');
insert into events (event_id, question) values (62, 'Morbi vestibulum, velit id pretium iaculis, diam erat fermentum justo, nec condimentum neque sapien placerat ante.');
insert into events (event_id, question) values (63, 'Maecenas tristique, est et tempus semper, est quam pharetra magna, ac consequat metus sapien ut nunc.');
insert into events (event_id, question) values (64, 'Maecenas ut massa quis augue luctus tincidunt.');
insert into events (event_id, question) values (65, 'Maecenas pulvinar lobortis est.');
insert into events (event_id, question) values (66, 'In hac habitasse platea dictumst.');
insert into events (event_id, question) values (67, 'Maecenas tincidunt lacus at velit.');
insert into events (event_id, question) values (68, 'Duis aliquam convallis nunc.');
insert into events (event_id, question) values (69, 'Mauris enim leo, rhoncus sed, vestibulum sit amet, cursus id, turpis.');
insert into events (event_id, question) values (70, 'Cum sociis natoque penatibus et magnis dis parturient montes, nascetur ridiculus mus.');
insert into events (event_id, question) values (71, 'Morbi quis tortor id nulla ultrices aliquet.');
insert into events (event_id, question) values (72, 'Donec posuere metus vitae ipsum.');
insert into events (event_id, question) values (73, 'Cras in purus eu magna vulputate luctus.');
insert into events (event_id, question) values (74, 'Proin interdum mauris non ligula pellentesque ultrices.');
insert into events (event_id, question) values (75, 'Etiam faucibus cursus urna.');
insert into events (event_id, question) values (76, 'Maecenas tristique, est et tempus semper, est quam pharetra magna, ac consequat metus sapien ut nunc.');
insert into events (event_id, question) values (77, 'Vestibulum ante ipsum primis in faucibus orci luctus et ultrices posuere cubilia Curae; Duis faucibus accumsan odio.');
insert into events (event_id, question) values (78, 'Pellentesque viverra pede ac diam.');
insert into events (event_id, question) values (79, 'Suspendisse accumsan tortor quis turpis.');
insert into events (event_id, question) values (80, 'Vestibulum quam sapien, varius ut, blandit non, interdum in, ante.');
insert into events (event_id, question) values (81, 'Duis aliquam convallis nunc.');
insert into events (event_id, question) values (82, 'Donec ut mauris eget massa tempor convallis.');
insert into events (event_id, question) values (83, 'In hac habitasse platea dictumst.');
insert into events (event_id, question) values (84, 'Quisque porta volutpat erat.');
insert into events (event_id, question) values (85, 'Proin interdum mauris non ligula pellentesque ultrices.');
insert into events (event_id, question) values (86, 'Fusce posuere felis sed lacus.');
insert into events (event_id, question) values (87, 'Pellentesque at nulla.');
insert into events (event_id, question) values (88, 'Vestibulum rutrum rutrum neque.');
insert into events (event_id, question) values (89, 'Nunc nisl.');
insert into events (event_id, question) values (90, 'Mauris ullamcorper purus sit amet nulla.');
insert into events (event_id, question) values (91, 'Praesent blandit.');
insert into events (event_id, question) values (92, 'Praesent blandit.');
insert into events (event_id, question) values (93, 'Sed vel enim sit amet nunc viverra dapibus.');
insert into events (event_id, question) values (94, 'Nam tristique tortor eu pede.');
insert into events (event_id, question) values (95, 'Fusce congue, diam id ornare imperdiet, sapien urna pretium nisl, ut volutpat sapien arcu sed augue.');
insert into events (event_id, question) values (96, 'In hac habitasse platea dictumst.');
insert into events (event_id, question) values (97, 'Pellentesque at nulla.');
insert into events (event_id, question) values (98, 'Lorem ipsum dolor sit amet, consectetuer adipiscing elit.');
insert into events (event_id, question) values (99, 'Duis mattis egestas metus.');
insert into events (event_id, question) values (100, 'Pellentesque eget nunc.');


insert into ideas (idea_id, event, content) values (1, 9, 'Suspendisse potenti. In eleifend quam a odio. In hac habitasse platea dictumst.');
insert into ideas (idea_id, event, content) values (2, 9, 'Vivamus in felis eu sapien cursus vestibulum. Proin eu mi.');
insert into ideas (idea_id, event, content) values (3, 49, 'Phasellus id sapien in sapien iaculis congue. Vivamus metus arcu, adipiscing molestie, hendrerit at, vulputate vitae, nisl. Aenean lectus. Pellentesque eget nunc.');
insert into ideas (idea_id, event, content) values (4, 77, 'Vivamus tortor. Duis mattis egestas metus. Aenean fermentum. Donec ut mauris eget massa tempor convallis. Nulla neque libero, convallis eget, eleifend luctus, ultricies eu, nibh.');
insert into ideas (idea_id, event, content) values (5, 6, 'Donec semper sapien a libero. Nam dui. Proin leo odio, porttitor id, consequat in, consequat ut, nulla. Sed accumsan felis. Ut at dolor quis odio consequat varius.');
insert into ideas (idea_id, event, content) values (6, 50, 'Morbi a ipsum. Integer a nibh. In quis justo. Maecenas rhoncus aliquam lacus. Morbi quis tortor id nulla ultrices aliquet.');
insert into ideas (idea_id, event, content) values (7, 19, 'In hac habitasse platea dictumst.');
insert into ideas (idea_id, event, content) values (8, 63, 'Nullam porttitor lacus at turpis. Donec posuere metus vitae ipsum.');
insert into ideas (idea_id, event, content) values (9, 3, 'Integer ac neque.');
insert into ideas (idea_id, event, content) values (10, 81, 'Nullam sit amet turpis elementum ligula vehicula consequat. Morbi a ipsum. Integer a nibh.');
insert into ideas (idea_id, event, content) values (11, 39, 'Cras in purus eu magna vulputate luctus. Cum sociis natoque penatibus et magnis dis parturient montes, nascetur ridiculus mus. Vivamus vestibulum sagittis sapien. Cum sociis natoque penatibus et magnis dis parturient montes, nascetur ridiculus mus. Etiam vel augue.');
insert into ideas (idea_id, event, content) values (12, 10, 'Fusce congue, diam id ornare imperdiet, sapien urna pretium nisl, ut volutpat sapien arcu sed augue. Aliquam erat volutpat. In congue.');
insert into ideas (idea_id, event, content) values (13, 81, 'Nunc nisl. Duis bibendum, felis sed interdum venenatis, turpis enim blandit mi, in porttitor pede justo eu massa. Donec dapibus. Duis at velit eu est congue elementum. In hac habitasse platea dictumst.');
insert into ideas (idea_id, event, content) values (14, 6, 'Vestibulum ante ipsum primis in faucibus orci luctus et ultrices posuere cubilia Curae; Nulla dapibus dolor vel est. Donec odio justo, sollicitudin ut, suscipit a, feugiat et, eros.');
insert into ideas (idea_id, event, content) values (15, 92, 'Morbi odio odio, elementum eu, interdum eu, tincidunt in, leo. Maecenas pulvinar lobortis est. Phasellus sit amet erat. Nulla tempus.');
insert into ideas (idea_id, event, content) values (16, 88, 'Proin eu mi.');
insert into ideas (idea_id, event, content) values (17, 34, 'Suspendisse accumsan tortor quis turpis.');
insert into ideas (idea_id, event, content) values (18, 64, 'Fusce congue, diam id ornare imperdiet, sapien urna pretium nisl, ut volutpat sapien arcu sed augue. Aliquam erat volutpat. In congue. Etiam justo. Etiam pretium iaculis justo.');
insert into ideas (idea_id, event, content) values (19, 33, 'Nam nulla.');
insert into ideas (idea_id, event, content) values (20, 10, 'Aliquam quis turpis eget elit sodales scelerisque.');
insert into ideas (idea_id, event, content) values (21, 69, 'Donec semper sapien a libero.');
insert into ideas (idea_id, event, content) values (22, 86, 'Integer tincidunt ante vel ipsum. Praesent blandit lacinia erat. Vestibulum sed magna at nunc commodo placerat.');
insert into ideas (idea_id, event, content) values (23, 50, 'Aenean fermentum.');
insert into ideas (idea_id, event, content) values (24, 28, 'Suspendisse ornare consequat lectus.');
insert into ideas (idea_id, event, content) values (25, 85, 'Etiam justo. Etiam pretium iaculis justo. In hac habitasse platea dictumst. Etiam faucibus cursus urna. Ut tellus.');
insert into ideas (idea_id, event, content) values (26, 55, 'Donec ut dolor. Morbi vel lectus in quam fringilla rhoncus. Mauris enim leo, rhoncus sed, vestibulum sit amet, cursus id, turpis. Integer aliquet, massa id lobortis convallis, tortor risus dapibus augue, vel accumsan tellus nisi eu orci. Mauris lacinia sapien quis libero.');
insert into ideas (idea_id, event, content) values (27, 82, 'Nullam molestie nibh in lectus. Pellentesque at nulla. Suspendisse potenti. Cras in purus eu magna vulputate luctus. Cum sociis natoque penatibus et magnis dis parturient montes, nascetur ridiculus mus.');
insert into ideas (idea_id, event, content) values (28, 18, 'Vestibulum sed magna at nunc commodo placerat. Praesent blandit. Nam nulla.');
insert into ideas (idea_id, event, content) values (29, 66, 'Quisque erat eros, viverra eget, congue eget, semper rutrum, nulla. Nunc purus. Phasellus in felis.');
insert into ideas (idea_id, event, content) values (30, 51, 'Mauris ullamcorper purus sit amet nulla. Quisque arcu libero, rutrum ac, lobortis vel, dapibus at, diam. Nam tristique tortor eu pede.');
insert into ideas (idea_id, event, content) values (31, 71, 'Nulla ac enim. In tempor, turpis nec euismod scelerisque, quam turpis adipiscing lorem, vitae mattis nibh ligula nec sem.');
insert into ideas (idea_id, event, content) values (32, 78, 'Morbi porttitor lorem id ligula. Suspendisse ornare consequat lectus. In est risus, auctor sed, tristique in, tempus sit amet, sem. Fusce consequat. Nulla nisl.');
insert into ideas (idea_id, event, content) values (33, 74, 'Morbi sem mauris, laoreet ut, rhoncus aliquet, pulvinar sed, nisl.');
insert into ideas (idea_id, event, content) values (34, 25, 'Curabitur at ipsum ac tellus semper interdum. Mauris ullamcorper purus sit amet nulla.');
insert into ideas (idea_id, event, content) values (35, 87, 'Integer non velit. Donec diam neque, vestibulum eget, vulputate ut, ultrices vel, augue.');
insert into ideas (idea_id, event, content) values (36, 45, 'Integer tincidunt ante vel ipsum. Praesent blandit lacinia erat. Vestibulum sed magna at nunc commodo placerat. Praesent blandit. Nam nulla.');
insert into ideas (idea_id, event, content) values (37, 32, 'Integer ac leo. Pellentesque ultrices mattis odio.');
insert into ideas (idea_id, event, content) values (38, 98, 'Aenean auctor gravida sem. Praesent id massa id nisl venenatis lacinia. Aenean sit amet justo. Morbi ut odio.');
insert into ideas (idea_id, event, content) values (39, 36, 'In hac habitasse platea dictumst. Aliquam augue quam, sollicitudin vitae, consectetuer eget, rutrum at, lorem. Integer tincidunt ante vel ipsum. Praesent blandit lacinia erat.');
insert into ideas (idea_id, event, content) values (40, 91, 'Fusce consequat. Nulla nisl. Nunc nisl. Duis bibendum, felis sed interdum venenatis, turpis enim blandit mi, in porttitor pede justo eu massa.');
insert into ideas (idea_id, event, content) values (41, 98, 'Nulla facilisi. Cras non velit nec nisi vulputate nonummy. Maecenas tincidunt lacus at velit. Vivamus vel nulla eget eros elementum pellentesque.');
insert into ideas (idea_id, event, content) values (42, 12, 'Curabitur in libero ut massa volutpat convallis. Morbi odio odio, elementum eu, interdum eu, tincidunt in, leo. Maecenas pulvinar lobortis est.');
insert into ideas (idea_id, event, content) values (43, 81, 'Vestibulum ante ipsum primis in faucibus orci luctus et ultrices posuere cubilia Curae; Mauris viverra diam vitae quam. Suspendisse potenti.');
insert into ideas (idea_id, event, content) values (44, 20, 'Aenean fermentum.');
insert into ideas (idea_id, event, content) values (45, 67, 'Nullam molestie nibh in lectus. Pellentesque at nulla. Suspendisse potenti. Cras in purus eu magna vulputate luctus.');
insert into ideas (idea_id, event, content) values (46, 36, 'Duis at velit eu est congue elementum. In hac habitasse platea dictumst.');
insert into ideas (idea_id, event, content) values (47, 3, 'Quisque ut erat. Curabitur gravida nisi at nibh.');
insert into ideas (idea_id, event, content) values (48, 2, 'Quisque arcu libero, rutrum ac, lobortis vel, dapibus at, diam. Nam tristique tortor eu pede.');
insert into ideas (idea_id, event, content) values (49, 20, 'Aenean fermentum.');
insert into ideas (idea_id, event, content) values (50, 74, 'Integer a nibh. In quis justo. Maecenas rhoncus aliquam lacus.');
insert into ideas (idea_id, event, content) values (51, 31, 'Phasellus sit amet erat. Nulla tempus.');
insert into ideas (idea_id, event, content) values (52, 4, 'Quisque porta volutpat erat. Quisque erat eros, viverra eget, congue eget, semper rutrum, nulla. Nunc purus. Phasellus in felis.');
insert into ideas (idea_id, event, content) values (53, 43, 'Donec diam neque, vestibulum eget, vulputate ut, ultrices vel, augue. Vestibulum ante ipsum primis in faucibus orci luctus et ultrices posuere cubilia Curae; Donec pharetra, magna vestibulum aliquet ultrices, erat tortor sollicitudin mi, sit amet lobortis sapien sapien non mi. Integer ac neque.');
insert into ideas (idea_id, event, content) values (54, 93, 'Cras in purus eu magna vulputate luctus. Cum sociis natoque penatibus et magnis dis parturient montes, nascetur ridiculus mus.');
insert into ideas (idea_id, event, content) values (55, 84, 'Proin eu mi. Nulla ac enim. In tempor, turpis nec euismod scelerisque, quam turpis adipiscing lorem, vitae mattis nibh ligula nec sem. Duis aliquam convallis nunc.');
insert into ideas (idea_id, event, content) values (56, 26, 'Quisque arcu libero, rutrum ac, lobortis vel, dapibus at, diam. Nam tristique tortor eu pede.');
insert into ideas (idea_id, event, content) values (57, 64, 'Quisque erat eros, viverra eget, congue eget, semper rutrum, nulla.');
insert into ideas (idea_id, event, content) values (58, 1, 'Suspendisse potenti.');
insert into ideas (idea_id, event, content) values (59, 14, 'Nulla suscipit ligula in lacus.');
insert into ideas (idea_id, event, content) values (60, 99, 'Vivamus vel nulla eget eros elementum pellentesque. Quisque porta volutpat erat. Quisque erat eros, viverra eget, congue eget, semper rutrum, nulla. Nunc purus.');
insert into ideas (idea_id, event, content) values (61, 20, 'Etiam vel augue.');
insert into ideas (idea_id, event, content) values (62, 42, 'Maecenas ut massa quis augue luctus tincidunt. Nulla mollis molestie lorem.');
insert into ideas (idea_id, event, content) values (63, 54, 'In eleifend quam a odio. In hac habitasse platea dictumst. Maecenas ut massa quis augue luctus tincidunt.');
insert into ideas (idea_id, event, content) values (64, 22, 'Vestibulum ante ipsum primis in faucibus orci luctus et ultrices posuere cubilia Curae; Nulla dapibus dolor vel est. Donec odio justo, sollicitudin ut, suscipit a, feugiat et, eros. Vestibulum ac est lacinia nisi venenatis tristique.');
insert into ideas (idea_id, event, content) values (65, 35, 'Integer pede justo, lacinia eget, tincidunt eget, tempus vel, pede. Morbi porttitor lorem id ligula. Suspendisse ornare consequat lectus.');
insert into ideas (idea_id, event, content) values (66, 14, 'Nullam molestie nibh in lectus. Pellentesque at nulla. Suspendisse potenti. Cras in purus eu magna vulputate luctus.');
insert into ideas (idea_id, event, content) values (67, 18, 'Vivamus in felis eu sapien cursus vestibulum. Proin eu mi.');
insert into ideas (idea_id, event, content) values (68, 67, 'Donec odio justo, sollicitudin ut, suscipit a, feugiat et, eros. Vestibulum ac est lacinia nisi venenatis tristique. Fusce congue, diam id ornare imperdiet, sapien urna pretium nisl, ut volutpat sapien arcu sed augue.');
insert into ideas (idea_id, event, content) values (69, 81, 'Morbi non quam nec dui luctus rutrum. Nulla tellus.');
insert into ideas (idea_id, event, content) values (70, 28, 'In hac habitasse platea dictumst. Aliquam augue quam, sollicitudin vitae, consectetuer eget, rutrum at, lorem. Integer tincidunt ante vel ipsum. Praesent blandit lacinia erat. Vestibulum sed magna at nunc commodo placerat.');
insert into ideas (idea_id, event, content) values (71, 22, 'Morbi porttitor lorem id ligula. Suspendisse ornare consequat lectus. In est risus, auctor sed, tristique in, tempus sit amet, sem. Fusce consequat. Nulla nisl.');
insert into ideas (idea_id, event, content) values (72, 22, 'In sagittis dui vel nisl. Duis ac nibh. Fusce lacus purus, aliquet at, feugiat non, pretium quis, lectus. Suspendisse potenti. In eleifend quam a odio.');
insert into ideas (idea_id, event, content) values (73, 42, 'Mauris ullamcorper purus sit amet nulla. Quisque arcu libero, rutrum ac, lobortis vel, dapibus at, diam. Nam tristique tortor eu pede.');
insert into ideas (idea_id, event, content) values (74, 16, 'In quis justo. Maecenas rhoncus aliquam lacus. Morbi quis tortor id nulla ultrices aliquet.');
insert into ideas (idea_id, event, content) values (75, 35, 'Donec semper sapien a libero. Nam dui. Proin leo odio, porttitor id, consequat in, consequat ut, nulla.');
insert into ideas (idea_id, event, content) values (76, 19, 'Integer a nibh. In quis justo. Maecenas rhoncus aliquam lacus. Morbi quis tortor id nulla ultrices aliquet.');
insert into ideas (idea_id, event, content) values (77, 66, 'In eleifend quam a odio. In hac habitasse platea dictumst.');
insert into ideas (idea_id, event, content) values (78, 98, 'Duis bibendum, felis sed interdum venenatis, turpis enim blandit mi, in porttitor pede justo eu massa. Donec dapibus. Duis at velit eu est congue elementum.');
insert into ideas (idea_id, event, content) values (79, 46, 'Morbi vestibulum, velit id pretium iaculis, diam erat fermentum justo, nec condimentum neque sapien placerat ante. Nulla justo. Aliquam quis turpis eget elit sodales scelerisque. Mauris sit amet eros.');
insert into ideas (idea_id, event, content) values (80, 6, 'Morbi vel lectus in quam fringilla rhoncus. Mauris enim leo, rhoncus sed, vestibulum sit amet, cursus id, turpis.');
insert into ideas (idea_id, event, content) values (81, 8, 'Mauris enim leo, rhoncus sed, vestibulum sit amet, cursus id, turpis. Integer aliquet, massa id lobortis convallis, tortor risus dapibus augue, vel accumsan tellus nisi eu orci. Mauris lacinia sapien quis libero. Nullam sit amet turpis elementum ligula vehicula consequat. Morbi a ipsum.');
insert into ideas (idea_id, event, content) values (82, 71, 'In hac habitasse platea dictumst. Maecenas ut massa quis augue luctus tincidunt. Nulla mollis molestie lorem. Quisque ut erat.');
insert into ideas (idea_id, event, content) values (83, 57, 'Morbi vel lectus in quam fringilla rhoncus. Mauris enim leo, rhoncus sed, vestibulum sit amet, cursus id, turpis.');
insert into ideas (idea_id, event, content) values (84, 40, 'Fusce consequat. Nulla nisl.');
insert into ideas (idea_id, event, content) values (85, 14, 'Phasellus sit amet erat. Nulla tempus. Vivamus in felis eu sapien cursus vestibulum.');
insert into ideas (idea_id, event, content) values (86, 80, 'Ut at dolor quis odio consequat varius. Integer ac leo. Pellentesque ultrices mattis odio.');
insert into ideas (idea_id, event, content) values (87, 76, 'Nulla ut erat id mauris vulputate elementum. Nullam varius. Nulla facilisi. Cras non velit nec nisi vulputate nonummy. Maecenas tincidunt lacus at velit.');
insert into ideas (idea_id, event, content) values (88, 99, 'Donec quis orci eget orci vehicula condimentum.');
insert into ideas (idea_id, event, content) values (89, 55, 'Praesent lectus. Vestibulum quam sapien, varius ut, blandit non, interdum in, ante. Vestibulum ante ipsum primis in faucibus orci luctus et ultrices posuere cubilia Curae; Duis faucibus accumsan odio. Curabitur convallis. Duis consequat dui nec nisi volutpat eleifend.');
insert into ideas (idea_id, event, content) values (90, 9, 'Ut tellus. Nulla ut erat id mauris vulputate elementum. Nullam varius.');
insert into ideas (idea_id, event, content) values (91, 45, 'Sed ante. Vivamus tortor. Duis mattis egestas metus. Aenean fermentum. Donec ut mauris eget massa tempor convallis.');
insert into ideas (idea_id, event, content) values (92, 55, 'Integer a nibh. In quis justo.');
insert into ideas (idea_id, event, content) values (93, 63, 'Donec diam neque, vestibulum eget, vulputate ut, ultrices vel, augue. Vestibulum ante ipsum primis in faucibus orci luctus et ultrices posuere cubilia Curae; Donec pharetra, magna vestibulum aliquet ultrices, erat tortor sollicitudin mi, sit amet lobortis sapien sapien non mi. Integer ac neque. Duis bibendum.');
insert into ideas (idea_id, event, content) values (94, 4, 'Maecenas leo odio, condimentum id, luctus nec, molestie sed, justo. Pellentesque viverra pede ac diam. Cras pellentesque volutpat dui. Maecenas tristique, est et tempus semper, est quam pharetra magna, ac consequat metus sapien ut nunc. Vestibulum ante ipsum primis in faucibus orci luctus et ultrices posuere cubilia Curae; Mauris viverra diam vitae quam.');
insert into ideas (idea_id, event, content) values (95, 7, 'Phasellus id sapien in sapien iaculis congue. Vivamus metus arcu, adipiscing molestie, hendrerit at, vulputate vitae, nisl. Aenean lectus. Pellentesque eget nunc. Donec quis orci eget orci vehicula condimentum.');
insert into ideas (idea_id, event, content) values (96, 56, 'Nullam sit amet turpis elementum ligula vehicula consequat. Morbi a ipsum. Integer a nibh. In quis justo. Maecenas rhoncus aliquam lacus.');
insert into ideas (idea_id, event, content) values (97, 18, 'Aenean lectus. Pellentesque eget nunc.');
insert into ideas (idea_id, event, content) values (98, 94, 'Vestibulum quam sapien, varius ut, blandit non, interdum in, ante. Vestibulum ante ipsum primis in faucibus orci luctus et ultrices posuere cubilia Curae; Duis faucibus accumsan odio.');
insert into ideas (idea_id, event, content) values (99, 74, 'Pellentesque at nulla. Suspendisse potenti.');
insert into ideas (idea_id, event, content) values (100, 96, 'Nullam porttitor lacus at turpis. Donec posuere metus vitae ipsum. Aliquam non mauris. Morbi non lectus.');
insert into ideas (idea_id, event, content) values (101, 82, 'In hac habitasse platea dictumst. Aliquam augue quam, sollicitudin vitae, consectetuer eget, rutrum at, lorem. Integer tincidunt ante vel ipsum. Praesent blandit lacinia erat. Vestibulum sed magna at nunc commodo placerat.');
insert into ideas (idea_id, event, content) values (102, 39, 'Quisque id justo sit amet sapien dignissim vestibulum. Vestibulum ante ipsum primis in faucibus orci luctus et ultrices posuere cubilia Curae; Nulla dapibus dolor vel est. Donec odio justo, sollicitudin ut, suscipit a, feugiat et, eros. Vestibulum ac est lacinia nisi venenatis tristique. Fusce congue, diam id ornare imperdiet, sapien urna pretium nisl, ut volutpat sapien arcu sed augue.');
insert into ideas (idea_id, event, content) values (103, 63, 'Mauris lacinia sapien quis libero. Nullam sit amet turpis elementum ligula vehicula consequat. Morbi a ipsum. Integer a nibh. In quis justo.');
insert into ideas (idea_id, event, content) values (104, 23, 'Maecenas tincidunt lacus at velit. Vivamus vel nulla eget eros elementum pellentesque. Quisque porta volutpat erat.');
insert into ideas (idea_id, event, content) values (105, 60, 'Morbi non quam nec dui luctus rutrum. Nulla tellus. In sagittis dui vel nisl. Duis ac nibh. Fusce lacus purus, aliquet at, feugiat non, pretium quis, lectus.');
insert into ideas (idea_id, event, content) values (106, 1, 'Integer tincidunt ante vel ipsum. Praesent blandit lacinia erat.');
insert into ideas (idea_id, event, content) values (107, 58, 'Nullam molestie nibh in lectus. Pellentesque at nulla. Suspendisse potenti. Cras in purus eu magna vulputate luctus.');
insert into ideas (idea_id, event, content) values (108, 99, 'Morbi a ipsum. Integer a nibh.');
insert into ideas (idea_id, event, content) values (109, 50, 'Nulla tempus. Vivamus in felis eu sapien cursus vestibulum. Proin eu mi. Nulla ac enim. In tempor, turpis nec euismod scelerisque, quam turpis adipiscing lorem, vitae mattis nibh ligula nec sem.');
insert into ideas (idea_id, event, content) values (110, 51, 'Ut at dolor quis odio consequat varius. Integer ac leo.');
insert into ideas (idea_id, event, content) values (111, 52, 'Ut tellus. Nulla ut erat id mauris vulputate elementum. Nullam varius. Nulla facilisi. Cras non velit nec nisi vulputate nonummy.');
insert into ideas (idea_id, event, content) values (112, 84, 'Cras in purus eu magna vulputate luctus. Cum sociis natoque penatibus et magnis dis parturient montes, nascetur ridiculus mus. Vivamus vestibulum sagittis sapien.');
insert into ideas (idea_id, event, content) values (113, 69, 'Nulla neque libero, convallis eget, eleifend luctus, ultricies eu, nibh.');
insert into ideas (idea_id, event, content) values (114, 14, 'Proin risus. Praesent lectus. Vestibulum quam sapien, varius ut, blandit non, interdum in, ante. Vestibulum ante ipsum primis in faucibus orci luctus et ultrices posuere cubilia Curae; Duis faucibus accumsan odio.');
insert into ideas (idea_id, event, content) values (115, 13, 'Proin at turpis a pede posuere nonummy. Integer non velit. Donec diam neque, vestibulum eget, vulputate ut, ultrices vel, augue. Vestibulum ante ipsum primis in faucibus orci luctus et ultrices posuere cubilia Curae; Donec pharetra, magna vestibulum aliquet ultrices, erat tortor sollicitudin mi, sit amet lobortis sapien sapien non mi.');
insert into ideas (idea_id, event, content) values (116, 36, 'Quisque erat eros, viverra eget, congue eget, semper rutrum, nulla.');
insert into ideas (idea_id, event, content) values (117, 16, 'Nullam sit amet turpis elementum ligula vehicula consequat. Morbi a ipsum. Integer a nibh.');
insert into ideas (idea_id, event, content) values (118, 67, 'Donec ut dolor. Morbi vel lectus in quam fringilla rhoncus. Mauris enim leo, rhoncus sed, vestibulum sit amet, cursus id, turpis. Integer aliquet, massa id lobortis convallis, tortor risus dapibus augue, vel accumsan tellus nisi eu orci. Mauris lacinia sapien quis libero.');
insert into ideas (idea_id, event, content) values (119, 51, 'Nulla nisl.');
insert into ideas (idea_id, event, content) values (120, 98, 'Cras mi pede, malesuada in, imperdiet et, commodo vulputate, justo. In blandit ultrices enim. Lorem ipsum dolor sit amet, consectetuer adipiscing elit. Proin interdum mauris non ligula pellentesque ultrices. Phasellus id sapien in sapien iaculis congue.');
insert into ideas (idea_id, event, content) values (121, 83, 'Pellentesque at nulla. Suspendisse potenti. Cras in purus eu magna vulputate luctus. Cum sociis natoque penatibus et magnis dis parturient montes, nascetur ridiculus mus.');
insert into ideas (idea_id, event, content) values (122, 2, 'Integer pede justo, lacinia eget, tincidunt eget, tempus vel, pede. Morbi porttitor lorem id ligula. Suspendisse ornare consequat lectus.');
insert into ideas (idea_id, event, content) values (123, 52, 'Suspendisse ornare consequat lectus. In est risus, auctor sed, tristique in, tempus sit amet, sem. Fusce consequat. Nulla nisl.');
insert into ideas (idea_id, event, content) values (124, 54, 'Morbi vestibulum, velit id pretium iaculis, diam erat fermentum justo, nec condimentum neque sapien placerat ante.');
insert into ideas (idea_id, event, content) values (125, 16, 'Nulla facilisi. Cras non velit nec nisi vulputate nonummy. Maecenas tincidunt lacus at velit. Vivamus vel nulla eget eros elementum pellentesque. Quisque porta volutpat erat.');
insert into ideas (idea_id, event, content) values (126, 91, 'Donec vitae nisi.');
insert into ideas (idea_id, event, content) values (127, 55, 'Cras in purus eu magna vulputate luctus. Cum sociis natoque penatibus et magnis dis parturient montes, nascetur ridiculus mus.');
insert into ideas (idea_id, event, content) values (128, 79, 'Aenean lectus. Pellentesque eget nunc. Donec quis orci eget orci vehicula condimentum. Curabitur in libero ut massa volutpat convallis.');
insert into ideas (idea_id, event, content) values (129, 83, 'Duis at velit eu est congue elementum. In hac habitasse platea dictumst. Morbi vestibulum, velit id pretium iaculis, diam erat fermentum justo, nec condimentum neque sapien placerat ante. Nulla justo. Aliquam quis turpis eget elit sodales scelerisque.');
insert into ideas (idea_id, event, content) values (130, 64, 'Cum sociis natoque penatibus et magnis dis parturient montes, nascetur ridiculus mus. Vivamus vestibulum sagittis sapien. Cum sociis natoque penatibus et magnis dis parturient montes, nascetur ridiculus mus. Etiam vel augue. Vestibulum rutrum rutrum neque.');
insert into ideas (idea_id, event, content) values (131, 3, 'Aliquam non mauris. Morbi non lectus. Aliquam sit amet diam in magna bibendum imperdiet. Nullam orci pede, venenatis non, sodales sed, tincidunt eu, felis. Fusce posuere felis sed lacus.');
insert into ideas (idea_id, event, content) values (132, 38, 'Ut tellus. Nulla ut erat id mauris vulputate elementum. Nullam varius. Nulla facilisi.');
insert into ideas (idea_id, event, content) values (133, 9, 'Sed accumsan felis. Ut at dolor quis odio consequat varius. Integer ac leo. Pellentesque ultrices mattis odio. Donec vitae nisi.');
insert into ideas (idea_id, event, content) values (134, 24, 'Aliquam augue quam, sollicitudin vitae, consectetuer eget, rutrum at, lorem.');
insert into ideas (idea_id, event, content) values (135, 10, 'Aliquam sit amet diam in magna bibendum imperdiet.');
insert into ideas (idea_id, event, content) values (136, 84, 'Phasellus sit amet erat. Nulla tempus. Vivamus in felis eu sapien cursus vestibulum. Proin eu mi. Nulla ac enim.');
insert into ideas (idea_id, event, content) values (137, 48, 'Duis bibendum, felis sed interdum venenatis, turpis enim blandit mi, in porttitor pede justo eu massa. Donec dapibus. Duis at velit eu est congue elementum. In hac habitasse platea dictumst. Morbi vestibulum, velit id pretium iaculis, diam erat fermentum justo, nec condimentum neque sapien placerat ante.');
insert into ideas (idea_id, event, content) values (138, 3, 'Donec semper sapien a libero. Nam dui. Proin leo odio, porttitor id, consequat in, consequat ut, nulla.');
insert into ideas (idea_id, event, content) values (139, 39, 'Maecenas pulvinar lobortis est.');
insert into ideas (idea_id, event, content) values (140, 57, 'Aliquam quis turpis eget elit sodales scelerisque. Mauris sit amet eros. Suspendisse accumsan tortor quis turpis. Sed ante. Vivamus tortor.');
insert into ideas (idea_id, event, content) values (141, 66, 'In est risus, auctor sed, tristique in, tempus sit amet, sem. Fusce consequat.');
insert into ideas (idea_id, event, content) values (142, 32, 'Aliquam quis turpis eget elit sodales scelerisque. Mauris sit amet eros. Suspendisse accumsan tortor quis turpis. Sed ante.');
insert into ideas (idea_id, event, content) values (143, 98, 'Suspendisse ornare consequat lectus. In est risus, auctor sed, tristique in, tempus sit amet, sem. Fusce consequat. Nulla nisl.');
insert into ideas (idea_id, event, content) values (144, 85, 'Nulla ut erat id mauris vulputate elementum. Nullam varius. Nulla facilisi. Cras non velit nec nisi vulputate nonummy.');
insert into ideas (idea_id, event, content) values (145, 35, 'Nam dui. Proin leo odio, porttitor id, consequat in, consequat ut, nulla. Sed accumsan felis. Ut at dolor quis odio consequat varius.');
insert into ideas (idea_id, event, content) values (146, 60, 'Phasellus sit amet erat. Nulla tempus. Vivamus in felis eu sapien cursus vestibulum. Proin eu mi.');
insert into ideas (idea_id, event, content) values (147, 46, 'Maecenas pulvinar lobortis est. Phasellus sit amet erat. Nulla tempus.');
insert into ideas (idea_id, event, content) values (148, 51, 'In congue. Etiam justo.');
insert into ideas (idea_id, event, content) values (149, 92, 'Fusce congue, diam id ornare imperdiet, sapien urna pretium nisl, ut volutpat sapien arcu sed augue. Aliquam erat volutpat.');
insert into ideas (idea_id, event, content) values (150, 48, 'Aliquam sit amet diam in magna bibendum imperdiet. Nullam orci pede, venenatis non, sodales sed, tincidunt eu, felis. Fusce posuere felis sed lacus.');
insert into ideas (idea_id, event, content) values (151, 8, 'Suspendisse potenti. In eleifend quam a odio. In hac habitasse platea dictumst.');
insert into ideas (idea_id, event, content) values (152, 17, 'Nulla mollis molestie lorem. Quisque ut erat. Curabitur gravida nisi at nibh. In hac habitasse platea dictumst.');
insert into ideas (idea_id, event, content) values (153, 89, 'Aliquam erat volutpat. In congue. Etiam justo. Etiam pretium iaculis justo. In hac habitasse platea dictumst.');
insert into ideas (idea_id, event, content) values (154, 1, 'Duis at velit eu est congue elementum. In hac habitasse platea dictumst. Morbi vestibulum, velit id pretium iaculis, diam erat fermentum justo, nec condimentum neque sapien placerat ante.');
insert into ideas (idea_id, event, content) values (155, 24, 'Curabitur in libero ut massa volutpat convallis. Morbi odio odio, elementum eu, interdum eu, tincidunt in, leo. Maecenas pulvinar lobortis est. Phasellus sit amet erat.');
insert into ideas (idea_id, event, content) values (156, 49, 'Praesent lectus. Vestibulum quam sapien, varius ut, blandit non, interdum in, ante. Vestibulum ante ipsum primis in faucibus orci luctus et ultrices posuere cubilia Curae; Duis faucibus accumsan odio. Curabitur convallis. Duis consequat dui nec nisi volutpat eleifend.');
insert into ideas (idea_id, event, content) values (157, 65, 'Fusce congue, diam id ornare imperdiet, sapien urna pretium nisl, ut volutpat sapien arcu sed augue.');
insert into ideas (idea_id, event, content) values (158, 97, 'Nullam varius. Nulla facilisi.');
insert into ideas (idea_id, event, content) values (159, 80, 'Maecenas leo odio, condimentum id, luctus nec, molestie sed, justo. Pellentesque viverra pede ac diam. Cras pellentesque volutpat dui.');
insert into ideas (idea_id, event, content) values (160, 23, 'Quisque id justo sit amet sapien dignissim vestibulum. Vestibulum ante ipsum primis in faucibus orci luctus et ultrices posuere cubilia Curae; Nulla dapibus dolor vel est.');
insert into ideas (idea_id, event, content) values (161, 39, 'Donec posuere metus vitae ipsum. Aliquam non mauris. Morbi non lectus. Aliquam sit amet diam in magna bibendum imperdiet.');
insert into ideas (idea_id, event, content) values (162, 81, 'Morbi sem mauris, laoreet ut, rhoncus aliquet, pulvinar sed, nisl. Nunc rhoncus dui vel sem. Sed sagittis. Nam congue, risus semper porta volutpat, quam pede lobortis ligula, sit amet eleifend pede libero quis orci.');
insert into ideas (idea_id, event, content) values (163, 71, 'Donec semper sapien a libero. Nam dui.');
insert into ideas (idea_id, event, content) values (164, 80, 'Pellentesque ultrices mattis odio. Donec vitae nisi. Nam ultrices, libero non mattis pulvinar, nulla pede ullamcorper augue, a suscipit nulla elit ac nulla. Sed vel enim sit amet nunc viverra dapibus. Nulla suscipit ligula in lacus.');
insert into ideas (idea_id, event, content) values (165, 74, 'Maecenas ut massa quis augue luctus tincidunt. Nulla mollis molestie lorem. Quisque ut erat. Curabitur gravida nisi at nibh.');
insert into ideas (idea_id, event, content) values (166, 10, 'Vestibulum ante ipsum primis in faucibus orci luctus et ultrices posuere cubilia Curae; Mauris viverra diam vitae quam. Suspendisse potenti. Nullam porttitor lacus at turpis. Donec posuere metus vitae ipsum. Aliquam non mauris.');
insert into ideas (idea_id, event, content) values (167, 26, 'Suspendisse potenti. In eleifend quam a odio.');
insert into ideas (idea_id, event, content) values (168, 90, 'Suspendisse ornare consequat lectus. In est risus, auctor sed, tristique in, tempus sit amet, sem. Fusce consequat. Nulla nisl.');
insert into ideas (idea_id, event, content) values (169, 82, 'Suspendisse accumsan tortor quis turpis. Sed ante. Vivamus tortor. Duis mattis egestas metus. Aenean fermentum.');
insert into ideas (idea_id, event, content) values (170, 17, 'Morbi odio odio, elementum eu, interdum eu, tincidunt in, leo. Maecenas pulvinar lobortis est.');
insert into ideas (idea_id, event, content) values (171, 34, 'Morbi porttitor lorem id ligula. Suspendisse ornare consequat lectus. In est risus, auctor sed, tristique in, tempus sit amet, sem. Fusce consequat. Nulla nisl.');
insert into ideas (idea_id, event, content) values (172, 94, 'Aliquam non mauris. Morbi non lectus. Aliquam sit amet diam in magna bibendum imperdiet. Nullam orci pede, venenatis non, sodales sed, tincidunt eu, felis. Fusce posuere felis sed lacus.');
insert into ideas (idea_id, event, content) values (173, 86, 'Morbi vestibulum, velit id pretium iaculis, diam erat fermentum justo, nec condimentum neque sapien placerat ante.');
insert into ideas (idea_id, event, content) values (174, 29, 'Nulla justo. Aliquam quis turpis eget elit sodales scelerisque.');
insert into ideas (idea_id, event, content) values (175, 38, 'Cras in purus eu magna vulputate luctus. Cum sociis natoque penatibus et magnis dis parturient montes, nascetur ridiculus mus. Vivamus vestibulum sagittis sapien. Cum sociis natoque penatibus et magnis dis parturient montes, nascetur ridiculus mus. Etiam vel augue.');
insert into ideas (idea_id, event, content) values (176, 51, 'Donec ut dolor. Morbi vel lectus in quam fringilla rhoncus.');
insert into ideas (idea_id, event, content) values (177, 64, 'Proin eu mi. Nulla ac enim. In tempor, turpis nec euismod scelerisque, quam turpis adipiscing lorem, vitae mattis nibh ligula nec sem. Duis aliquam convallis nunc. Proin at turpis a pede posuere nonummy.');
insert into ideas (idea_id, event, content) values (178, 16, 'Nulla justo.');
insert into ideas (idea_id, event, content) values (179, 90, 'Cras pellentesque volutpat dui. Maecenas tristique, est et tempus semper, est quam pharetra magna, ac consequat metus sapien ut nunc. Vestibulum ante ipsum primis in faucibus orci luctus et ultrices posuere cubilia Curae; Mauris viverra diam vitae quam. Suspendisse potenti. Nullam porttitor lacus at turpis.');
insert into ideas (idea_id, event, content) values (180, 16, 'Duis bibendum. Morbi non quam nec dui luctus rutrum. Nulla tellus.');
insert into ideas (idea_id, event, content) values (181, 10, 'Maecenas rhoncus aliquam lacus. Morbi quis tortor id nulla ultrices aliquet.');
insert into ideas (idea_id, event, content) values (182, 93, 'Proin risus. Praesent lectus.');
insert into ideas (idea_id, event, content) values (183, 25, 'Vivamus tortor. Duis mattis egestas metus. Aenean fermentum. Donec ut mauris eget massa tempor convallis. Nulla neque libero, convallis eget, eleifend luctus, ultricies eu, nibh.');
insert into ideas (idea_id, event, content) values (184, 89, 'Nulla tellus.');
insert into ideas (idea_id, event, content) values (185, 21, 'Maecenas tristique, est et tempus semper, est quam pharetra magna, ac consequat metus sapien ut nunc. Vestibulum ante ipsum primis in faucibus orci luctus et ultrices posuere cubilia Curae; Mauris viverra diam vitae quam.');
insert into ideas (idea_id, event, content) values (186, 18, 'Lorem ipsum dolor sit amet, consectetuer adipiscing elit. Proin interdum mauris non ligula pellentesque ultrices.');
insert into ideas (idea_id, event, content) values (187, 97, 'Praesent blandit lacinia erat. Vestibulum sed magna at nunc commodo placerat. Praesent blandit. Nam nulla. Integer pede justo, lacinia eget, tincidunt eget, tempus vel, pede.');
insert into ideas (idea_id, event, content) values (188, 3, 'Nam congue, risus semper porta volutpat, quam pede lobortis ligula, sit amet eleifend pede libero quis orci.');
insert into ideas (idea_id, event, content) values (189, 38, 'Etiam faucibus cursus urna. Ut tellus. Nulla ut erat id mauris vulputate elementum.');
insert into ideas (idea_id, event, content) values (190, 76, 'Proin leo odio, porttitor id, consequat in, consequat ut, nulla. Sed accumsan felis.');
insert into ideas (idea_id, event, content) values (191, 79, 'Vivamus vestibulum sagittis sapien. Cum sociis natoque penatibus et magnis dis parturient montes, nascetur ridiculus mus. Etiam vel augue. Vestibulum rutrum rutrum neque. Aenean auctor gravida sem.');
insert into ideas (idea_id, event, content) values (192, 74, 'Morbi a ipsum. Integer a nibh.');
insert into ideas (idea_id, event, content) values (193, 94, 'Nulla mollis molestie lorem. Quisque ut erat. Curabitur gravida nisi at nibh.');
insert into ideas (idea_id, event, content) values (194, 89, 'Maecenas rhoncus aliquam lacus. Morbi quis tortor id nulla ultrices aliquet. Maecenas leo odio, condimentum id, luctus nec, molestie sed, justo. Pellentesque viverra pede ac diam. Cras pellentesque volutpat dui.');
insert into ideas (idea_id, event, content) values (195, 97, 'Vestibulum ac est lacinia nisi venenatis tristique. Fusce congue, diam id ornare imperdiet, sapien urna pretium nisl, ut volutpat sapien arcu sed augue. Aliquam erat volutpat.');
insert into ideas (idea_id, event, content) values (196, 50, 'Vestibulum sed magna at nunc commodo placerat.');
insert into ideas (idea_id, event, content) values (197, 91, 'Nam ultrices, libero non mattis pulvinar, nulla pede ullamcorper augue, a suscipit nulla elit ac nulla. Sed vel enim sit amet nunc viverra dapibus. Nulla suscipit ligula in lacus. Curabitur at ipsum ac tellus semper interdum. Mauris ullamcorper purus sit amet nulla.');
insert into ideas (idea_id, event, content) values (198, 84, 'Suspendisse ornare consequat lectus. In est risus, auctor sed, tristique in, tempus sit amet, sem. Fusce consequat.');
insert into ideas (idea_id, event, content) values (199, 76, 'Nullam varius. Nulla facilisi. Cras non velit nec nisi vulputate nonummy. Maecenas tincidunt lacus at velit.');
insert into ideas (idea_id, event, content) values (200, 57, 'Etiam justo. Etiam pretium iaculis justo. In hac habitasse platea dictumst.');
insert into ideas (idea_id, event, content) values (201, 34, 'Morbi ut odio. Cras mi pede, malesuada in, imperdiet et, commodo vulputate, justo. In blandit ultrices enim. Lorem ipsum dolor sit amet, consectetuer adipiscing elit. Proin interdum mauris non ligula pellentesque ultrices.');
insert into ideas (idea_id, event, content) values (202, 73, 'Fusce posuere felis sed lacus. Morbi sem mauris, laoreet ut, rhoncus aliquet, pulvinar sed, nisl. Nunc rhoncus dui vel sem. Sed sagittis. Nam congue, risus semper porta volutpat, quam pede lobortis ligula, sit amet eleifend pede libero quis orci.');
insert into ideas (idea_id, event, content) values (203, 42, 'Fusce lacus purus, aliquet at, feugiat non, pretium quis, lectus.');
insert into ideas (idea_id, event, content) values (204, 69, 'Donec ut dolor. Morbi vel lectus in quam fringilla rhoncus.');
insert into ideas (idea_id, event, content) values (205, 39, 'Aliquam non mauris.');
insert into ideas (idea_id, event, content) values (206, 22, 'Nunc purus. Phasellus in felis.');
insert into ideas (idea_id, event, content) values (207, 75, 'Morbi vestibulum, velit id pretium iaculis, diam erat fermentum justo, nec condimentum neque sapien placerat ante.');
insert into ideas (idea_id, event, content) values (208, 92, 'Aenean fermentum. Donec ut mauris eget massa tempor convallis. Nulla neque libero, convallis eget, eleifend luctus, ultricies eu, nibh. Quisque id justo sit amet sapien dignissim vestibulum. Vestibulum ante ipsum primis in faucibus orci luctus et ultrices posuere cubilia Curae; Nulla dapibus dolor vel est.');
insert into ideas (idea_id, event, content) values (209, 50, 'Ut at dolor quis odio consequat varius. Integer ac leo.');
insert into ideas (idea_id, event, content) values (210, 80, 'In blandit ultrices enim. Lorem ipsum dolor sit amet, consectetuer adipiscing elit. Proin interdum mauris non ligula pellentesque ultrices.');
insert into ideas (idea_id, event, content) values (211, 65, 'Pellentesque eget nunc. Donec quis orci eget orci vehicula condimentum. Curabitur in libero ut massa volutpat convallis. Morbi odio odio, elementum eu, interdum eu, tincidunt in, leo.');
insert into ideas (idea_id, event, content) values (212, 45, 'Nunc nisl. Duis bibendum, felis sed interdum venenatis, turpis enim blandit mi, in porttitor pede justo eu massa. Donec dapibus. Duis at velit eu est congue elementum. In hac habitasse platea dictumst.');
insert into ideas (idea_id, event, content) values (213, 6, 'Donec odio justo, sollicitudin ut, suscipit a, feugiat et, eros. Vestibulum ac est lacinia nisi venenatis tristique. Fusce congue, diam id ornare imperdiet, sapien urna pretium nisl, ut volutpat sapien arcu sed augue.');
insert into ideas (idea_id, event, content) values (214, 6, 'In hac habitasse platea dictumst. Aliquam augue quam, sollicitudin vitae, consectetuer eget, rutrum at, lorem. Integer tincidunt ante vel ipsum.');
insert into ideas (idea_id, event, content) values (215, 64, 'Morbi odio odio, elementum eu, interdum eu, tincidunt in, leo. Maecenas pulvinar lobortis est. Phasellus sit amet erat.');
insert into ideas (idea_id, event, content) values (216, 17, 'Praesent blandit.');
insert into ideas (idea_id, event, content) values (217, 31, 'Duis ac nibh.');
insert into ideas (idea_id, event, content) values (218, 48, 'Quisque arcu libero, rutrum ac, lobortis vel, dapibus at, diam. Nam tristique tortor eu pede.');
insert into ideas (idea_id, event, content) values (219, 82, 'Aenean lectus. Pellentesque eget nunc. Donec quis orci eget orci vehicula condimentum.');
insert into ideas (idea_id, event, content) values (220, 95, 'Quisque porta volutpat erat. Quisque erat eros, viverra eget, congue eget, semper rutrum, nulla. Nunc purus.');
insert into ideas (idea_id, event, content) values (221, 4, 'Curabitur in libero ut massa volutpat convallis. Morbi odio odio, elementum eu, interdum eu, tincidunt in, leo. Maecenas pulvinar lobortis est. Phasellus sit amet erat.');
insert into ideas (idea_id, event, content) values (222, 68, 'Sed accumsan felis. Ut at dolor quis odio consequat varius. Integer ac leo. Pellentesque ultrices mattis odio. Donec vitae nisi.');
insert into ideas (idea_id, event, content) values (223, 17, 'Vestibulum ac est lacinia nisi venenatis tristique. Fusce congue, diam id ornare imperdiet, sapien urna pretium nisl, ut volutpat sapien arcu sed augue. Aliquam erat volutpat. In congue.');
insert into ideas (idea_id, event, content) values (224, 94, 'Nam congue, risus semper porta volutpat, quam pede lobortis ligula, sit amet eleifend pede libero quis orci. Nullam molestie nibh in lectus. Pellentesque at nulla. Suspendisse potenti. Cras in purus eu magna vulputate luctus.');
insert into ideas (idea_id, event, content) values (225, 54, 'Donec odio justo, sollicitudin ut, suscipit a, feugiat et, eros. Vestibulum ac est lacinia nisi venenatis tristique.');
insert into ideas (idea_id, event, content) values (226, 22, 'Nulla justo.');
insert into ideas (idea_id, event, content) values (227, 89, 'Integer ac neque. Duis bibendum. Morbi non quam nec dui luctus rutrum. Nulla tellus. In sagittis dui vel nisl.');
insert into ideas (idea_id, event, content) values (228, 9, 'Nam tristique tortor eu pede.');
insert into ideas (idea_id, event, content) values (229, 86, 'Phasellus sit amet erat. Nulla tempus. Vivamus in felis eu sapien cursus vestibulum. Proin eu mi. Nulla ac enim.');
insert into ideas (idea_id, event, content) values (230, 88, 'Morbi non lectus.');
insert into ideas (idea_id, event, content) values (231, 7, 'Donec odio justo, sollicitudin ut, suscipit a, feugiat et, eros. Vestibulum ac est lacinia nisi venenatis tristique.');
insert into ideas (idea_id, event, content) values (232, 57, 'Donec posuere metus vitae ipsum. Aliquam non mauris. Morbi non lectus.');
insert into ideas (idea_id, event, content) values (233, 82, 'Cum sociis natoque penatibus et magnis dis parturient montes, nascetur ridiculus mus. Etiam vel augue. Vestibulum rutrum rutrum neque. Aenean auctor gravida sem.');
insert into ideas (idea_id, event, content) values (234, 14, 'Quisque porta volutpat erat. Quisque erat eros, viverra eget, congue eget, semper rutrum, nulla.');
insert into ideas (idea_id, event, content) values (235, 16, 'Cras mi pede, malesuada in, imperdiet et, commodo vulputate, justo. In blandit ultrices enim.');
insert into ideas (idea_id, event, content) values (236, 88, 'Quisque erat eros, viverra eget, congue eget, semper rutrum, nulla. Nunc purus. Phasellus in felis. Donec semper sapien a libero. Nam dui.');
insert into ideas (idea_id, event, content) values (237, 43, 'Duis at velit eu est congue elementum. In hac habitasse platea dictumst. Morbi vestibulum, velit id pretium iaculis, diam erat fermentum justo, nec condimentum neque sapien placerat ante.');
insert into ideas (idea_id, event, content) values (238, 24, 'Nullam molestie nibh in lectus. Pellentesque at nulla. Suspendisse potenti. Cras in purus eu magna vulputate luctus. Cum sociis natoque penatibus et magnis dis parturient montes, nascetur ridiculus mus.');
insert into ideas (idea_id, event, content) values (239, 58, 'Mauris lacinia sapien quis libero. Nullam sit amet turpis elementum ligula vehicula consequat. Morbi a ipsum. Integer a nibh. In quis justo.');
insert into ideas (idea_id, event, content) values (240, 7, 'Morbi porttitor lorem id ligula. Suspendisse ornare consequat lectus. In est risus, auctor sed, tristique in, tempus sit amet, sem. Fusce consequat.');
insert into ideas (idea_id, event, content) values (241, 96, 'Suspendisse accumsan tortor quis turpis.');
insert into ideas (idea_id, event, content) values (242, 28, 'Suspendisse ornare consequat lectus. In est risus, auctor sed, tristique in, tempus sit amet, sem. Fusce consequat. Nulla nisl.');
insert into ideas (idea_id, event, content) values (243, 37, 'Morbi porttitor lorem id ligula. Suspendisse ornare consequat lectus. In est risus, auctor sed, tristique in, tempus sit amet, sem.');
insert into ideas (idea_id, event, content) values (244, 91, 'Morbi odio odio, elementum eu, interdum eu, tincidunt in, leo. Maecenas pulvinar lobortis est.');
insert into ideas (idea_id, event, content) values (245, 44, 'Nam nulla.');
insert into ideas (idea_id, event, content) values (246, 13, 'Mauris enim leo, rhoncus sed, vestibulum sit amet, cursus id, turpis. Integer aliquet, massa id lobortis convallis, tortor risus dapibus augue, vel accumsan tellus nisi eu orci. Mauris lacinia sapien quis libero. Nullam sit amet turpis elementum ligula vehicula consequat.');
insert into ideas (idea_id, event, content) values (247, 37, 'Cum sociis natoque penatibus et magnis dis parturient montes, nascetur ridiculus mus.');
insert into ideas (idea_id, event, content) values (248, 78, 'Nulla ut erat id mauris vulputate elementum. Nullam varius. Nulla facilisi.');
insert into ideas (idea_id, event, content) values (249, 52, 'Morbi non lectus.');
insert into ideas (idea_id, event, content) values (250, 14, 'Sed accumsan felis. Ut at dolor quis odio consequat varius. Integer ac leo. Pellentesque ultrices mattis odio.');
insert into ideas (idea_id, event, content) values (251, 58, 'Maecenas tristique, est et tempus semper, est quam pharetra magna, ac consequat metus sapien ut nunc. Vestibulum ante ipsum primis in faucibus orci luctus et ultrices posuere cubilia Curae; Mauris viverra diam vitae quam. Suspendisse potenti. Nullam porttitor lacus at turpis.');
insert into ideas (idea_id, event, content) values (252, 27, 'Maecenas tristique, est et tempus semper, est quam pharetra magna, ac consequat metus sapien ut nunc. Vestibulum ante ipsum primis in faucibus orci luctus et ultrices posuere cubilia Curae; Mauris viverra diam vitae quam.');
insert into ideas (idea_id, event, content) values (253, 51, 'Donec diam neque, vestibulum eget, vulputate ut, ultrices vel, augue.');
insert into ideas (idea_id, event, content) values (254, 6, 'Donec odio justo, sollicitudin ut, suscipit a, feugiat et, eros.');
insert into ideas (idea_id, event, content) values (255, 53, 'Sed vel enim sit amet nunc viverra dapibus. Nulla suscipit ligula in lacus.');
insert into ideas (idea_id, event, content) values (256, 39, 'Quisque erat eros, viverra eget, congue eget, semper rutrum, nulla. Nunc purus. Phasellus in felis. Donec semper sapien a libero. Nam dui.');
insert into ideas (idea_id, event, content) values (257, 68, 'Nulla mollis molestie lorem. Quisque ut erat.');
insert into ideas (idea_id, event, content) values (258, 13, 'Nulla facilisi. Cras non velit nec nisi vulputate nonummy. Maecenas tincidunt lacus at velit.');
insert into ideas (idea_id, event, content) values (259, 82, 'Fusce posuere felis sed lacus. Morbi sem mauris, laoreet ut, rhoncus aliquet, pulvinar sed, nisl. Nunc rhoncus dui vel sem. Sed sagittis. Nam congue, risus semper porta volutpat, quam pede lobortis ligula, sit amet eleifend pede libero quis orci.');
insert into ideas (idea_id, event, content) values (260, 45, 'Vestibulum ante ipsum primis in faucibus orci luctus et ultrices posuere cubilia Curae; Duis faucibus accumsan odio.');
insert into ideas (idea_id, event, content) values (261, 21, 'Proin leo odio, porttitor id, consequat in, consequat ut, nulla. Sed accumsan felis. Ut at dolor quis odio consequat varius.');
insert into ideas (idea_id, event, content) values (262, 93, 'Fusce congue, diam id ornare imperdiet, sapien urna pretium nisl, ut volutpat sapien arcu sed augue.');
insert into ideas (idea_id, event, content) values (263, 55, 'Duis aliquam convallis nunc.');
insert into ideas (idea_id, event, content) values (264, 89, 'Morbi vel lectus in quam fringilla rhoncus. Mauris enim leo, rhoncus sed, vestibulum sit amet, cursus id, turpis. Integer aliquet, massa id lobortis convallis, tortor risus dapibus augue, vel accumsan tellus nisi eu orci.');
insert into ideas (idea_id, event, content) values (265, 39, 'Integer a nibh. In quis justo. Maecenas rhoncus aliquam lacus. Morbi quis tortor id nulla ultrices aliquet.');
insert into ideas (idea_id, event, content) values (266, 86, 'Aenean fermentum. Donec ut mauris eget massa tempor convallis. Nulla neque libero, convallis eget, eleifend luctus, ultricies eu, nibh. Quisque id justo sit amet sapien dignissim vestibulum.');
insert into ideas (idea_id, event, content) values (267, 47, 'Quisque ut erat.');
insert into ideas (idea_id, event, content) values (268, 40, 'Donec ut dolor. Morbi vel lectus in quam fringilla rhoncus. Mauris enim leo, rhoncus sed, vestibulum sit amet, cursus id, turpis.');
insert into ideas (idea_id, event, content) values (269, 21, 'Cras pellentesque volutpat dui. Maecenas tristique, est et tempus semper, est quam pharetra magna, ac consequat metus sapien ut nunc. Vestibulum ante ipsum primis in faucibus orci luctus et ultrices posuere cubilia Curae; Mauris viverra diam vitae quam.');
insert into ideas (idea_id, event, content) values (270, 33, 'Nam ultrices, libero non mattis pulvinar, nulla pede ullamcorper augue, a suscipit nulla elit ac nulla. Sed vel enim sit amet nunc viverra dapibus. Nulla suscipit ligula in lacus. Curabitur at ipsum ac tellus semper interdum. Mauris ullamcorper purus sit amet nulla.');
insert into ideas (idea_id, event, content) values (271, 83, 'Curabitur gravida nisi at nibh.');
insert into ideas (idea_id, event, content) values (272, 7, 'Aliquam quis turpis eget elit sodales scelerisque. Mauris sit amet eros. Suspendisse accumsan tortor quis turpis. Sed ante.');
insert into ideas (idea_id, event, content) values (273, 55, 'Maecenas rhoncus aliquam lacus. Morbi quis tortor id nulla ultrices aliquet. Maecenas leo odio, condimentum id, luctus nec, molestie sed, justo. Pellentesque viverra pede ac diam.');
insert into ideas (idea_id, event, content) values (274, 79, 'Morbi vestibulum, velit id pretium iaculis, diam erat fermentum justo, nec condimentum neque sapien placerat ante. Nulla justo. Aliquam quis turpis eget elit sodales scelerisque. Mauris sit amet eros. Suspendisse accumsan tortor quis turpis.');
insert into ideas (idea_id, event, content) values (275, 39, 'Proin at turpis a pede posuere nonummy. Integer non velit.');
insert into ideas (idea_id, event, content) values (276, 71, 'Mauris enim leo, rhoncus sed, vestibulum sit amet, cursus id, turpis. Integer aliquet, massa id lobortis convallis, tortor risus dapibus augue, vel accumsan tellus nisi eu orci. Mauris lacinia sapien quis libero.');
insert into ideas (idea_id, event, content) values (277, 39, 'Mauris sit amet eros. Suspendisse accumsan tortor quis turpis.');
insert into ideas (idea_id, event, content) values (278, 2, 'Vestibulum ante ipsum primis in faucibus orci luctus et ultrices posuere cubilia Curae; Duis faucibus accumsan odio. Curabitur convallis. Duis consequat dui nec nisi volutpat eleifend. Donec ut dolor. Morbi vel lectus in quam fringilla rhoncus.');
insert into ideas (idea_id, event, content) values (279, 40, 'Nulla ut erat id mauris vulputate elementum. Nullam varius. Nulla facilisi.');
insert into ideas (idea_id, event, content) values (280, 99, 'Nullam orci pede, venenatis non, sodales sed, tincidunt eu, felis. Fusce posuere felis sed lacus. Morbi sem mauris, laoreet ut, rhoncus aliquet, pulvinar sed, nisl. Nunc rhoncus dui vel sem. Sed sagittis.');
insert into ideas (idea_id, event, content) values (281, 41, 'Donec dapibus. Duis at velit eu est congue elementum. In hac habitasse platea dictumst.');
insert into ideas (idea_id, event, content) values (282, 62, 'Sed sagittis.');
insert into ideas (idea_id, event, content) values (283, 54, 'Nulla ac enim. In tempor, turpis nec euismod scelerisque, quam turpis adipiscing lorem, vitae mattis nibh ligula nec sem. Duis aliquam convallis nunc.');
insert into ideas (idea_id, event, content) values (284, 31, 'Donec ut dolor. Morbi vel lectus in quam fringilla rhoncus. Mauris enim leo, rhoncus sed, vestibulum sit amet, cursus id, turpis.');
insert into ideas (idea_id, event, content) values (285, 36, 'Maecenas tincidunt lacus at velit.');
insert into ideas (idea_id, event, content) values (286, 75, 'Nunc nisl. Duis bibendum, felis sed interdum venenatis, turpis enim blandit mi, in porttitor pede justo eu massa. Donec dapibus. Duis at velit eu est congue elementum.');
insert into ideas (idea_id, event, content) values (287, 8, 'Nam ultrices, libero non mattis pulvinar, nulla pede ullamcorper augue, a suscipit nulla elit ac nulla. Sed vel enim sit amet nunc viverra dapibus.');
insert into ideas (idea_id, event, content) values (288, 54, 'Sed sagittis. Nam congue, risus semper porta volutpat, quam pede lobortis ligula, sit amet eleifend pede libero quis orci. Nullam molestie nibh in lectus.');
insert into ideas (idea_id, event, content) values (289, 2, 'Cum sociis natoque penatibus et magnis dis parturient montes, nascetur ridiculus mus. Vivamus vestibulum sagittis sapien. Cum sociis natoque penatibus et magnis dis parturient montes, nascetur ridiculus mus. Etiam vel augue. Vestibulum rutrum rutrum neque.');
insert into ideas (idea_id, event, content) values (290, 55, 'In tempor, turpis nec euismod scelerisque, quam turpis adipiscing lorem, vitae mattis nibh ligula nec sem. Duis aliquam convallis nunc. Proin at turpis a pede posuere nonummy.');
insert into ideas (idea_id, event, content) values (291, 31, 'Cras in purus eu magna vulputate luctus. Cum sociis natoque penatibus et magnis dis parturient montes, nascetur ridiculus mus.');
insert into ideas (idea_id, event, content) values (292, 68, 'Quisque arcu libero, rutrum ac, lobortis vel, dapibus at, diam. Nam tristique tortor eu pede.');
insert into ideas (idea_id, event, content) values (293, 85, 'Donec ut mauris eget massa tempor convallis. Nulla neque libero, convallis eget, eleifend luctus, ultricies eu, nibh. Quisque id justo sit amet sapien dignissim vestibulum. Vestibulum ante ipsum primis in faucibus orci luctus et ultrices posuere cubilia Curae; Nulla dapibus dolor vel est. Donec odio justo, sollicitudin ut, suscipit a, feugiat et, eros.');
insert into ideas (idea_id, event, content) values (294, 65, 'Integer ac leo.');
insert into ideas (idea_id, event, content) values (295, 88, 'Vestibulum rutrum rutrum neque. Aenean auctor gravida sem. Praesent id massa id nisl venenatis lacinia. Aenean sit amet justo. Morbi ut odio.');
insert into ideas (idea_id, event, content) values (296, 60, 'Curabitur at ipsum ac tellus semper interdum. Mauris ullamcorper purus sit amet nulla.');
insert into ideas (idea_id, event, content) values (297, 8, 'Pellentesque ultrices mattis odio. Donec vitae nisi. Nam ultrices, libero non mattis pulvinar, nulla pede ullamcorper augue, a suscipit nulla elit ac nulla.');
insert into ideas (idea_id, event, content) values (298, 5, 'Duis aliquam convallis nunc. Proin at turpis a pede posuere nonummy.');
insert into ideas (idea_id, event, content) values (299, 39, 'Quisque id justo sit amet sapien dignissim vestibulum.');
insert into ideas (idea_id, event, content) values (300, 56, 'Quisque ut erat. Curabitur gravida nisi at nibh. In hac habitasse platea dictumst. Aliquam augue quam, sollicitudin vitae, consectetuer eget, rutrum at, lorem. Integer tincidunt ante vel ipsum.');
insert into ideas (idea_id, event, content) values (301, 18, 'Integer ac leo. Pellentesque ultrices mattis odio. Donec vitae nisi. Nam ultrices, libero non mattis pulvinar, nulla pede ullamcorper augue, a suscipit nulla elit ac nulla. Sed vel enim sit amet nunc viverra dapibus.');
insert into ideas (idea_id, event, content) values (302, 94, 'Etiam justo. Etiam pretium iaculis justo. In hac habitasse platea dictumst. Etiam faucibus cursus urna. Ut tellus.');
insert into ideas (idea_id, event, content) values (303, 78, 'In hac habitasse platea dictumst. Maecenas ut massa quis augue luctus tincidunt. Nulla mollis molestie lorem. Quisque ut erat. Curabitur gravida nisi at nibh.');
insert into ideas (idea_id, event, content) values (304, 28, 'Nulla mollis molestie lorem. Quisque ut erat. Curabitur gravida nisi at nibh.');
insert into ideas (idea_id, event, content) values (305, 9, 'Praesent id massa id nisl venenatis lacinia.');
insert into ideas (idea_id, event, content) values (306, 76, 'Mauris sit amet eros. Suspendisse accumsan tortor quis turpis. Sed ante. Vivamus tortor. Duis mattis egestas metus.');
insert into ideas (idea_id, event, content) values (307, 26, 'Aliquam non mauris. Morbi non lectus. Aliquam sit amet diam in magna bibendum imperdiet. Nullam orci pede, venenatis non, sodales sed, tincidunt eu, felis. Fusce posuere felis sed lacus.');
insert into ideas (idea_id, event, content) values (308, 53, 'Morbi a ipsum. Integer a nibh. In quis justo.');
insert into ideas (idea_id, event, content) values (309, 76, 'Etiam faucibus cursus urna. Ut tellus. Nulla ut erat id mauris vulputate elementum. Nullam varius. Nulla facilisi.');
insert into ideas (idea_id, event, content) values (310, 18, 'In quis justo.');
insert into ideas (idea_id, event, content) values (311, 36, 'Maecenas ut massa quis augue luctus tincidunt. Nulla mollis molestie lorem. Quisque ut erat. Curabitur gravida nisi at nibh. In hac habitasse platea dictumst.');
insert into ideas (idea_id, event, content) values (312, 61, 'Morbi quis tortor id nulla ultrices aliquet. Maecenas leo odio, condimentum id, luctus nec, molestie sed, justo. Pellentesque viverra pede ac diam. Cras pellentesque volutpat dui. Maecenas tristique, est et tempus semper, est quam pharetra magna, ac consequat metus sapien ut nunc.');
insert into ideas (idea_id, event, content) values (313, 6, 'Nullam varius. Nulla facilisi. Cras non velit nec nisi vulputate nonummy.');
insert into ideas (idea_id, event, content) values (314, 11, 'Curabitur in libero ut massa volutpat convallis. Morbi odio odio, elementum eu, interdum eu, tincidunt in, leo. Maecenas pulvinar lobortis est.');
insert into ideas (idea_id, event, content) values (315, 41, 'Proin risus. Praesent lectus. Vestibulum quam sapien, varius ut, blandit non, interdum in, ante. Vestibulum ante ipsum primis in faucibus orci luctus et ultrices posuere cubilia Curae; Duis faucibus accumsan odio. Curabitur convallis.');
insert into ideas (idea_id, event, content) values (316, 28, 'Integer a nibh.');
insert into ideas (idea_id, event, content) values (317, 52, 'Donec quis orci eget orci vehicula condimentum.');
insert into ideas (idea_id, event, content) values (318, 48, 'Nam ultrices, libero non mattis pulvinar, nulla pede ullamcorper augue, a suscipit nulla elit ac nulla. Sed vel enim sit amet nunc viverra dapibus. Nulla suscipit ligula in lacus. Curabitur at ipsum ac tellus semper interdum.');
insert into ideas (idea_id, event, content) values (319, 46, 'Maecenas rhoncus aliquam lacus. Morbi quis tortor id nulla ultrices aliquet.');
insert into ideas (idea_id, event, content) values (320, 24, 'Suspendisse potenti. Cras in purus eu magna vulputate luctus.');
insert into ideas (idea_id, event, content) values (321, 36, 'Suspendisse potenti.');
insert into ideas (idea_id, event, content) values (322, 52, 'Mauris sit amet eros.');
insert into ideas (idea_id, event, content) values (323, 23, 'Proin risus.');
insert into ideas (idea_id, event, content) values (324, 25, 'Nulla tempus. Vivamus in felis eu sapien cursus vestibulum. Proin eu mi. Nulla ac enim.');
insert into ideas (idea_id, event, content) values (325, 19, 'Nam dui.');
insert into ideas (idea_id, event, content) values (326, 78, 'Vivamus in felis eu sapien cursus vestibulum. Proin eu mi. Nulla ac enim. In tempor, turpis nec euismod scelerisque, quam turpis adipiscing lorem, vitae mattis nibh ligula nec sem.');
insert into ideas (idea_id, event, content) values (327, 97, 'Vestibulum ante ipsum primis in faucibus orci luctus et ultrices posuere cubilia Curae; Nulla dapibus dolor vel est. Donec odio justo, sollicitudin ut, suscipit a, feugiat et, eros. Vestibulum ac est lacinia nisi venenatis tristique.');
insert into ideas (idea_id, event, content) values (328, 40, 'Cras pellentesque volutpat dui. Maecenas tristique, est et tempus semper, est quam pharetra magna, ac consequat metus sapien ut nunc.');
insert into ideas (idea_id, event, content) values (329, 81, 'Donec odio justo, sollicitudin ut, suscipit a, feugiat et, eros. Vestibulum ac est lacinia nisi venenatis tristique. Fusce congue, diam id ornare imperdiet, sapien urna pretium nisl, ut volutpat sapien arcu sed augue. Aliquam erat volutpat. In congue.');
insert into ideas (idea_id, event, content) values (330, 65, 'Ut at dolor quis odio consequat varius.');
insert into ideas (idea_id, event, content) values (331, 65, 'Curabitur at ipsum ac tellus semper interdum.');
insert into ideas (idea_id, event, content) values (332, 20, 'Nullam varius.');
insert into ideas (idea_id, event, content) values (333, 59, 'Vestibulum ante ipsum primis in faucibus orci luctus et ultrices posuere cubilia Curae; Donec pharetra, magna vestibulum aliquet ultrices, erat tortor sollicitudin mi, sit amet lobortis sapien sapien non mi. Integer ac neque. Duis bibendum. Morbi non quam nec dui luctus rutrum.');
insert into ideas (idea_id, event, content) values (334, 45, 'Mauris lacinia sapien quis libero. Nullam sit amet turpis elementum ligula vehicula consequat. Morbi a ipsum.');
insert into ideas (idea_id, event, content) values (335, 30, 'Donec diam neque, vestibulum eget, vulputate ut, ultrices vel, augue. Vestibulum ante ipsum primis in faucibus orci luctus et ultrices posuere cubilia Curae; Donec pharetra, magna vestibulum aliquet ultrices, erat tortor sollicitudin mi, sit amet lobortis sapien sapien non mi. Integer ac neque. Duis bibendum. Morbi non quam nec dui luctus rutrum.');
insert into ideas (idea_id, event, content) values (336, 56, 'Vivamus in felis eu sapien cursus vestibulum. Proin eu mi. Nulla ac enim. In tempor, turpis nec euismod scelerisque, quam turpis adipiscing lorem, vitae mattis nibh ligula nec sem.');
insert into ideas (idea_id, event, content) values (337, 90, 'Vestibulum ac est lacinia nisi venenatis tristique. Fusce congue, diam id ornare imperdiet, sapien urna pretium nisl, ut volutpat sapien arcu sed augue.');
insert into ideas (idea_id, event, content) values (338, 93, 'Ut tellus. Nulla ut erat id mauris vulputate elementum.');
insert into ideas (idea_id, event, content) values (339, 46, 'In congue.');
insert into ideas (idea_id, event, content) values (340, 15, 'Vestibulum ante ipsum primis in faucibus orci luctus et ultrices posuere cubilia Curae; Duis faucibus accumsan odio. Curabitur convallis. Duis consequat dui nec nisi volutpat eleifend.');
insert into ideas (idea_id, event, content) values (341, 81, 'Maecenas ut massa quis augue luctus tincidunt. Nulla mollis molestie lorem. Quisque ut erat. Curabitur gravida nisi at nibh.');
insert into ideas (idea_id, event, content) values (342, 48, 'Vivamus vestibulum sagittis sapien. Cum sociis natoque penatibus et magnis dis parturient montes, nascetur ridiculus mus. Etiam vel augue.');
insert into ideas (idea_id, event, content) values (343, 11, 'In hac habitasse platea dictumst. Aliquam augue quam, sollicitudin vitae, consectetuer eget, rutrum at, lorem. Integer tincidunt ante vel ipsum.');
insert into ideas (idea_id, event, content) values (344, 74, 'Pellentesque viverra pede ac diam. Cras pellentesque volutpat dui. Maecenas tristique, est et tempus semper, est quam pharetra magna, ac consequat metus sapien ut nunc. Vestibulum ante ipsum primis in faucibus orci luctus et ultrices posuere cubilia Curae; Mauris viverra diam vitae quam. Suspendisse potenti.');
insert into ideas (idea_id, event, content) values (345, 72, 'In tempor, turpis nec euismod scelerisque, quam turpis adipiscing lorem, vitae mattis nibh ligula nec sem.');
insert into ideas (idea_id, event, content) values (346, 30, 'Etiam vel augue. Vestibulum rutrum rutrum neque.');
insert into ideas (idea_id, event, content) values (347, 3, 'Duis mattis egestas metus.');
insert into ideas (idea_id, event, content) values (348, 87, 'Donec dapibus. Duis at velit eu est congue elementum. In hac habitasse platea dictumst. Morbi vestibulum, velit id pretium iaculis, diam erat fermentum justo, nec condimentum neque sapien placerat ante.');
insert into ideas (idea_id, event, content) values (349, 7, 'Proin risus. Praesent lectus.');
insert into ideas (idea_id, event, content) values (350, 47, 'Suspendisse potenti. In eleifend quam a odio. In hac habitasse platea dictumst.');
insert into ideas (idea_id, event, content) values (351, 44, 'Quisque arcu libero, rutrum ac, lobortis vel, dapibus at, diam.');
insert into ideas (idea_id, event, content) values (352, 61, 'Praesent blandit lacinia erat. Vestibulum sed magna at nunc commodo placerat. Praesent blandit.');
insert into ideas (idea_id, event, content) values (353, 88, 'Lorem ipsum dolor sit amet, consectetuer adipiscing elit. Proin risus. Praesent lectus.');
insert into ideas (idea_id, event, content) values (354, 65, 'Nullam sit amet turpis elementum ligula vehicula consequat. Morbi a ipsum. Integer a nibh.');
insert into ideas (idea_id, event, content) values (355, 99, 'Donec semper sapien a libero. Nam dui. Proin leo odio, porttitor id, consequat in, consequat ut, nulla.');
insert into ideas (idea_id, event, content) values (356, 48, 'Proin interdum mauris non ligula pellentesque ultrices. Phasellus id sapien in sapien iaculis congue. Vivamus metus arcu, adipiscing molestie, hendrerit at, vulputate vitae, nisl. Aenean lectus. Pellentesque eget nunc.');
insert into ideas (idea_id, event, content) values (357, 51, 'Morbi quis tortor id nulla ultrices aliquet. Maecenas leo odio, condimentum id, luctus nec, molestie sed, justo. Pellentesque viverra pede ac diam. Cras pellentesque volutpat dui.');
insert into ideas (idea_id, event, content) values (358, 15, 'In hac habitasse platea dictumst. Maecenas ut massa quis augue luctus tincidunt. Nulla mollis molestie lorem. Quisque ut erat. Curabitur gravida nisi at nibh.');
insert into ideas (idea_id, event, content) values (359, 57, 'In hac habitasse platea dictumst.');
insert into ideas (idea_id, event, content) values (360, 40, 'Maecenas ut massa quis augue luctus tincidunt. Nulla mollis molestie lorem.');
insert into ideas (idea_id, event, content) values (361, 97, 'In eleifend quam a odio.');
insert into ideas (idea_id, event, content) values (362, 47, 'Aenean lectus. Pellentesque eget nunc.');
insert into ideas (idea_id, event, content) values (363, 80, 'Vivamus vestibulum sagittis sapien. Cum sociis natoque penatibus et magnis dis parturient montes, nascetur ridiculus mus. Etiam vel augue. Vestibulum rutrum rutrum neque. Aenean auctor gravida sem.');
insert into ideas (idea_id, event, content) values (364, 61, 'Maecenas pulvinar lobortis est. Phasellus sit amet erat. Nulla tempus. Vivamus in felis eu sapien cursus vestibulum. Proin eu mi.');
insert into ideas (idea_id, event, content) values (365, 71, 'Duis aliquam convallis nunc. Proin at turpis a pede posuere nonummy.');
insert into ideas (idea_id, event, content) values (366, 27, 'Mauris sit amet eros. Suspendisse accumsan tortor quis turpis. Sed ante.');
insert into ideas (idea_id, event, content) values (367, 20, 'Etiam vel augue. Vestibulum rutrum rutrum neque. Aenean auctor gravida sem. Praesent id massa id nisl venenatis lacinia. Aenean sit amet justo.');
insert into ideas (idea_id, event, content) values (368, 10, 'Nulla neque libero, convallis eget, eleifend luctus, ultricies eu, nibh. Quisque id justo sit amet sapien dignissim vestibulum. Vestibulum ante ipsum primis in faucibus orci luctus et ultrices posuere cubilia Curae; Nulla dapibus dolor vel est. Donec odio justo, sollicitudin ut, suscipit a, feugiat et, eros.');
insert into ideas (idea_id, event, content) values (369, 29, 'Pellentesque viverra pede ac diam. Cras pellentesque volutpat dui. Maecenas tristique, est et tempus semper, est quam pharetra magna, ac consequat metus sapien ut nunc. Vestibulum ante ipsum primis in faucibus orci luctus et ultrices posuere cubilia Curae; Mauris viverra diam vitae quam. Suspendisse potenti.');
insert into ideas (idea_id, event, content) values (370, 58, 'Lorem ipsum dolor sit amet, consectetuer adipiscing elit. Proin interdum mauris non ligula pellentesque ultrices. Phasellus id sapien in sapien iaculis congue. Vivamus metus arcu, adipiscing molestie, hendrerit at, vulputate vitae, nisl. Aenean lectus.');
insert into ideas (idea_id, event, content) values (371, 85, 'Duis bibendum, felis sed interdum venenatis, turpis enim blandit mi, in porttitor pede justo eu massa.');
insert into ideas (idea_id, event, content) values (372, 77, 'Cum sociis natoque penatibus et magnis dis parturient montes, nascetur ridiculus mus. Vivamus vestibulum sagittis sapien. Cum sociis natoque penatibus et magnis dis parturient montes, nascetur ridiculus mus.');
insert into ideas (idea_id, event, content) values (373, 39, 'In eleifend quam a odio. In hac habitasse platea dictumst.');
insert into ideas (idea_id, event, content) values (374, 32, 'Nulla tellus.');
insert into ideas (idea_id, event, content) values (375, 90, 'Maecenas rhoncus aliquam lacus. Morbi quis tortor id nulla ultrices aliquet. Maecenas leo odio, condimentum id, luctus nec, molestie sed, justo.');
insert into ideas (idea_id, event, content) values (376, 56, 'Mauris lacinia sapien quis libero.');
insert into ideas (idea_id, event, content) values (377, 85, 'Morbi sem mauris, laoreet ut, rhoncus aliquet, pulvinar sed, nisl. Nunc rhoncus dui vel sem. Sed sagittis. Nam congue, risus semper porta volutpat, quam pede lobortis ligula, sit amet eleifend pede libero quis orci. Nullam molestie nibh in lectus.');
insert into ideas (idea_id, event, content) values (378, 89, 'Duis ac nibh. Fusce lacus purus, aliquet at, feugiat non, pretium quis, lectus. Suspendisse potenti. In eleifend quam a odio.');
insert into ideas (idea_id, event, content) values (379, 24, 'Suspendisse potenti.');
insert into ideas (idea_id, event, content) values (380, 2, 'In sagittis dui vel nisl. Duis ac nibh. Fusce lacus purus, aliquet at, feugiat non, pretium quis, lectus. Suspendisse potenti. In eleifend quam a odio.');
insert into ideas (idea_id, event, content) values (381, 37, 'Praesent blandit lacinia erat. Vestibulum sed magna at nunc commodo placerat. Praesent blandit. Nam nulla. Integer pede justo, lacinia eget, tincidunt eget, tempus vel, pede.');
insert into ideas (idea_id, event, content) values (382, 11, 'Cras pellentesque volutpat dui. Maecenas tristique, est et tempus semper, est quam pharetra magna, ac consequat metus sapien ut nunc. Vestibulum ante ipsum primis in faucibus orci luctus et ultrices posuere cubilia Curae; Mauris viverra diam vitae quam. Suspendisse potenti. Nullam porttitor lacus at turpis.');
insert into ideas (idea_id, event, content) values (383, 47, 'Proin risus.');
insert into ideas (idea_id, event, content) values (384, 90, 'Curabitur in libero ut massa volutpat convallis. Morbi odio odio, elementum eu, interdum eu, tincidunt in, leo.');
insert into ideas (idea_id, event, content) values (385, 28, 'In blandit ultrices enim. Lorem ipsum dolor sit amet, consectetuer adipiscing elit. Proin interdum mauris non ligula pellentesque ultrices.');
insert into ideas (idea_id, event, content) values (386, 77, 'In quis justo. Maecenas rhoncus aliquam lacus. Morbi quis tortor id nulla ultrices aliquet.');
insert into ideas (idea_id, event, content) values (387, 28, 'Curabitur in libero ut massa volutpat convallis.');
insert into ideas (idea_id, event, content) values (388, 64, 'Cum sociis natoque penatibus et magnis dis parturient montes, nascetur ridiculus mus.');
insert into ideas (idea_id, event, content) values (389, 26, 'Nunc nisl. Duis bibendum, felis sed interdum venenatis, turpis enim blandit mi, in porttitor pede justo eu massa. Donec dapibus.');
insert into ideas (idea_id, event, content) values (390, 95, 'Cras non velit nec nisi vulputate nonummy.');
insert into ideas (idea_id, event, content) values (391, 89, 'Vestibulum ante ipsum primis in faucibus orci luctus et ultrices posuere cubilia Curae; Duis faucibus accumsan odio. Curabitur convallis. Duis consequat dui nec nisi volutpat eleifend. Donec ut dolor.');
insert into ideas (idea_id, event, content) values (392, 26, 'Praesent blandit. Nam nulla. Integer pede justo, lacinia eget, tincidunt eget, tempus vel, pede.');
insert into ideas (idea_id, event, content) values (393, 19, 'Vestibulum quam sapien, varius ut, blandit non, interdum in, ante.');
insert into ideas (idea_id, event, content) values (394, 41, 'Donec posuere metus vitae ipsum. Aliquam non mauris. Morbi non lectus. Aliquam sit amet diam in magna bibendum imperdiet.');
insert into ideas (idea_id, event, content) values (395, 39, 'Vivamus vel nulla eget eros elementum pellentesque. Quisque porta volutpat erat.');
insert into ideas (idea_id, event, content) values (396, 9, 'Nam nulla.');
insert into ideas (idea_id, event, content) values (397, 4, 'Vestibulum ante ipsum primis in faucibus orci luctus et ultrices posuere cubilia Curae; Duis faucibus accumsan odio. Curabitur convallis.');
insert into ideas (idea_id, event, content) values (398, 77, 'Pellentesque ultrices mattis odio. Donec vitae nisi. Nam ultrices, libero non mattis pulvinar, nulla pede ullamcorper augue, a suscipit nulla elit ac nulla.');
insert into ideas (idea_id, event, content) values (399, 45, 'In blandit ultrices enim. Lorem ipsum dolor sit amet, consectetuer adipiscing elit. Proin interdum mauris non ligula pellentesque ultrices. Phasellus id sapien in sapien iaculis congue. Vivamus metus arcu, adipiscing molestie, hendrerit at, vulputate vitae, nisl.');
insert into ideas (idea_id, event, content) values (400, 70, 'Curabitur convallis. Duis consequat dui nec nisi volutpat eleifend.');
insert into ideas (idea_id, event, content) values (401, 17, 'Vestibulum ante ipsum primis in faucibus orci luctus et ultrices posuere cubilia Curae; Nulla dapibus dolor vel est.');
insert into ideas (idea_id, event, content) values (402, 23, 'Fusce congue, diam id ornare imperdiet, sapien urna pretium nisl, ut volutpat sapien arcu sed augue. Aliquam erat volutpat.');
insert into ideas (idea_id, event, content) values (403, 83, 'Sed ante. Vivamus tortor. Duis mattis egestas metus. Aenean fermentum.');
insert into ideas (idea_id, event, content) values (404, 94, 'Mauris ullamcorper purus sit amet nulla. Quisque arcu libero, rutrum ac, lobortis vel, dapibus at, diam. Nam tristique tortor eu pede.');
insert into ideas (idea_id, event, content) values (405, 15, 'Nunc purus.');
insert into ideas (idea_id, event, content) values (406, 95, 'Morbi sem mauris, laoreet ut, rhoncus aliquet, pulvinar sed, nisl. Nunc rhoncus dui vel sem.');
insert into ideas (idea_id, event, content) values (407, 31, 'Cras non velit nec nisi vulputate nonummy. Maecenas tincidunt lacus at velit. Vivamus vel nulla eget eros elementum pellentesque. Quisque porta volutpat erat.');
insert into ideas (idea_id, event, content) values (408, 82, 'Duis ac nibh. Fusce lacus purus, aliquet at, feugiat non, pretium quis, lectus. Suspendisse potenti. In eleifend quam a odio.');
insert into ideas (idea_id, event, content) values (409, 99, 'Cum sociis natoque penatibus et magnis dis parturient montes, nascetur ridiculus mus. Etiam vel augue. Vestibulum rutrum rutrum neque.');
insert into ideas (idea_id, event, content) values (410, 4, 'Mauris sit amet eros. Suspendisse accumsan tortor quis turpis. Sed ante.');
insert into ideas (idea_id, event, content) values (411, 6, 'Nullam sit amet turpis elementum ligula vehicula consequat. Morbi a ipsum. Integer a nibh. In quis justo. Maecenas rhoncus aliquam lacus.');
insert into ideas (idea_id, event, content) values (412, 55, 'Fusce lacus purus, aliquet at, feugiat non, pretium quis, lectus. Suspendisse potenti. In eleifend quam a odio.');
insert into ideas (idea_id, event, content) values (413, 65, 'Praesent blandit. Nam nulla. Integer pede justo, lacinia eget, tincidunt eget, tempus vel, pede. Morbi porttitor lorem id ligula. Suspendisse ornare consequat lectus.');
insert into ideas (idea_id, event, content) values (414, 21, 'In sagittis dui vel nisl. Duis ac nibh.');
insert into ideas (idea_id, event, content) values (415, 67, 'In sagittis dui vel nisl. Duis ac nibh. Fusce lacus purus, aliquet at, feugiat non, pretium quis, lectus.');
insert into ideas (idea_id, event, content) values (416, 59, 'Cras in purus eu magna vulputate luctus. Cum sociis natoque penatibus et magnis dis parturient montes, nascetur ridiculus mus. Vivamus vestibulum sagittis sapien.');
insert into ideas (idea_id, event, content) values (417, 54, 'Sed sagittis.');
insert into ideas (idea_id, event, content) values (418, 75, 'Aliquam sit amet diam in magna bibendum imperdiet. Nullam orci pede, venenatis non, sodales sed, tincidunt eu, felis. Fusce posuere felis sed lacus.');
insert into ideas (idea_id, event, content) values (419, 39, 'Donec ut dolor. Morbi vel lectus in quam fringilla rhoncus.');
insert into ideas (idea_id, event, content) values (420, 69, 'Praesent id massa id nisl venenatis lacinia. Aenean sit amet justo. Morbi ut odio. Cras mi pede, malesuada in, imperdiet et, commodo vulputate, justo.');
insert into ideas (idea_id, event, content) values (421, 29, 'Aenean sit amet justo. Morbi ut odio. Cras mi pede, malesuada in, imperdiet et, commodo vulputate, justo.');
insert into ideas (idea_id, event, content) values (422, 33, 'Suspendisse accumsan tortor quis turpis. Sed ante. Vivamus tortor.');
insert into ideas (idea_id, event, content) values (423, 26, 'Nulla tempus. Vivamus in felis eu sapien cursus vestibulum. Proin eu mi. Nulla ac enim.');
insert into ideas (idea_id, event, content) values (424, 19, 'Suspendisse potenti.');
insert into ideas (idea_id, event, content) values (425, 15, 'Vivamus vel nulla eget eros elementum pellentesque. Quisque porta volutpat erat. Quisque erat eros, viverra eget, congue eget, semper rutrum, nulla. Nunc purus. Phasellus in felis.');
insert into ideas (idea_id, event, content) values (426, 51, 'Nulla ac enim.');
insert into ideas (idea_id, event, content) values (427, 36, 'Aliquam erat volutpat. In congue. Etiam justo. Etiam pretium iaculis justo. In hac habitasse platea dictumst.');
insert into ideas (idea_id, event, content) values (428, 60, 'Morbi non quam nec dui luctus rutrum. Nulla tellus. In sagittis dui vel nisl. Duis ac nibh.');
insert into ideas (idea_id, event, content) values (429, 73, 'Donec posuere metus vitae ipsum.');
insert into ideas (idea_id, event, content) values (430, 66, 'Proin interdum mauris non ligula pellentesque ultrices. Phasellus id sapien in sapien iaculis congue.');
insert into ideas (idea_id, event, content) values (431, 52, 'In tempor, turpis nec euismod scelerisque, quam turpis adipiscing lorem, vitae mattis nibh ligula nec sem.');
insert into ideas (idea_id, event, content) values (432, 52, 'Quisque id justo sit amet sapien dignissim vestibulum. Vestibulum ante ipsum primis in faucibus orci luctus et ultrices posuere cubilia Curae; Nulla dapibus dolor vel est.');
insert into ideas (idea_id, event, content) values (433, 10, 'Nulla ac enim. In tempor, turpis nec euismod scelerisque, quam turpis adipiscing lorem, vitae mattis nibh ligula nec sem.');
insert into ideas (idea_id, event, content) values (434, 66, 'Duis mattis egestas metus. Aenean fermentum. Donec ut mauris eget massa tempor convallis. Nulla neque libero, convallis eget, eleifend luctus, ultricies eu, nibh. Quisque id justo sit amet sapien dignissim vestibulum.');
insert into ideas (idea_id, event, content) values (435, 45, 'Cras in purus eu magna vulputate luctus. Cum sociis natoque penatibus et magnis dis parturient montes, nascetur ridiculus mus. Vivamus vestibulum sagittis sapien. Cum sociis natoque penatibus et magnis dis parturient montes, nascetur ridiculus mus.');
insert into ideas (idea_id, event, content) values (436, 11, 'Phasellus sit amet erat. Nulla tempus. Vivamus in felis eu sapien cursus vestibulum.');
insert into ideas (idea_id, event, content) values (437, 1, 'Nulla tellus. In sagittis dui vel nisl. Duis ac nibh.');
insert into ideas (idea_id, event, content) values (438, 27, 'Phasellus sit amet erat.');
insert into ideas (idea_id, event, content) values (439, 48, 'Phasellus in felis. Donec semper sapien a libero. Nam dui. Proin leo odio, porttitor id, consequat in, consequat ut, nulla. Sed accumsan felis.');
insert into ideas (idea_id, event, content) values (440, 29, 'Nullam porttitor lacus at turpis. Donec posuere metus vitae ipsum.');
insert into ideas (idea_id, event, content) values (441, 62, 'Cras pellentesque volutpat dui. Maecenas tristique, est et tempus semper, est quam pharetra magna, ac consequat metus sapien ut nunc. Vestibulum ante ipsum primis in faucibus orci luctus et ultrices posuere cubilia Curae; Mauris viverra diam vitae quam. Suspendisse potenti.');
insert into ideas (idea_id, event, content) values (442, 62, 'Maecenas rhoncus aliquam lacus. Morbi quis tortor id nulla ultrices aliquet. Maecenas leo odio, condimentum id, luctus nec, molestie sed, justo.');
insert into ideas (idea_id, event, content) values (443, 50, 'Integer non velit. Donec diam neque, vestibulum eget, vulputate ut, ultrices vel, augue. Vestibulum ante ipsum primis in faucibus orci luctus et ultrices posuere cubilia Curae; Donec pharetra, magna vestibulum aliquet ultrices, erat tortor sollicitudin mi, sit amet lobortis sapien sapien non mi. Integer ac neque. Duis bibendum.');
insert into ideas (idea_id, event, content) values (444, 51, 'Nullam orci pede, venenatis non, sodales sed, tincidunt eu, felis. Fusce posuere felis sed lacus. Morbi sem mauris, laoreet ut, rhoncus aliquet, pulvinar sed, nisl. Nunc rhoncus dui vel sem.');
insert into ideas (idea_id, event, content) values (445, 85, 'Suspendisse potenti. In eleifend quam a odio. In hac habitasse platea dictumst.');
insert into ideas (idea_id, event, content) values (446, 98, 'Fusce congue, diam id ornare imperdiet, sapien urna pretium nisl, ut volutpat sapien arcu sed augue. Aliquam erat volutpat. In congue.');
insert into ideas (idea_id, event, content) values (447, 24, 'Sed ante. Vivamus tortor.');
insert into ideas (idea_id, event, content) values (448, 37, 'Vivamus vestibulum sagittis sapien. Cum sociis natoque penatibus et magnis dis parturient montes, nascetur ridiculus mus. Etiam vel augue. Vestibulum rutrum rutrum neque.');
insert into ideas (idea_id, event, content) values (449, 84, 'Quisque ut erat. Curabitur gravida nisi at nibh.');
insert into ideas (idea_id, event, content) values (450, 56, 'Integer ac neque. Duis bibendum. Morbi non quam nec dui luctus rutrum. Nulla tellus.');
insert into ideas (idea_id, event, content) values (451, 66, 'Vivamus tortor.');
insert into ideas (idea_id, event, content) values (452, 35, 'Phasellus id sapien in sapien iaculis congue. Vivamus metus arcu, adipiscing molestie, hendrerit at, vulputate vitae, nisl. Aenean lectus. Pellentesque eget nunc. Donec quis orci eget orci vehicula condimentum.');
insert into ideas (idea_id, event, content) values (453, 49, 'Proin leo odio, porttitor id, consequat in, consequat ut, nulla. Sed accumsan felis.');
insert into ideas (idea_id, event, content) values (454, 73, 'Vestibulum sed magna at nunc commodo placerat.');
insert into ideas (idea_id, event, content) values (455, 13, 'Aenean fermentum. Donec ut mauris eget massa tempor convallis. Nulla neque libero, convallis eget, eleifend luctus, ultricies eu, nibh. Quisque id justo sit amet sapien dignissim vestibulum.');
insert into ideas (idea_id, event, content) values (456, 98, 'Nulla justo. Aliquam quis turpis eget elit sodales scelerisque. Mauris sit amet eros.');
insert into ideas (idea_id, event, content) values (457, 90, 'Morbi non lectus. Aliquam sit amet diam in magna bibendum imperdiet.');
insert into ideas (idea_id, event, content) values (458, 80, 'Aliquam sit amet diam in magna bibendum imperdiet. Nullam orci pede, venenatis non, sodales sed, tincidunt eu, felis. Fusce posuere felis sed lacus.');
insert into ideas (idea_id, event, content) values (459, 32, 'Mauris lacinia sapien quis libero. Nullam sit amet turpis elementum ligula vehicula consequat. Morbi a ipsum.');
insert into ideas (idea_id, event, content) values (460, 43, 'Integer ac neque.');
insert into ideas (idea_id, event, content) values (461, 70, 'In sagittis dui vel nisl. Duis ac nibh. Fusce lacus purus, aliquet at, feugiat non, pretium quis, lectus. Suspendisse potenti.');
insert into ideas (idea_id, event, content) values (462, 16, 'In hac habitasse platea dictumst.');
insert into ideas (idea_id, event, content) values (463, 46, 'Integer ac neque. Duis bibendum.');
insert into ideas (idea_id, event, content) values (464, 48, 'Suspendisse ornare consequat lectus. In est risus, auctor sed, tristique in, tempus sit amet, sem. Fusce consequat. Nulla nisl.');
insert into ideas (idea_id, event, content) values (465, 100, 'Etiam vel augue. Vestibulum rutrum rutrum neque. Aenean auctor gravida sem. Praesent id massa id nisl venenatis lacinia.');
insert into ideas (idea_id, event, content) values (466, 31, 'In hac habitasse platea dictumst. Etiam faucibus cursus urna. Ut tellus. Nulla ut erat id mauris vulputate elementum. Nullam varius.');
insert into ideas (idea_id, event, content) values (467, 51, 'Duis bibendum. Morbi non quam nec dui luctus rutrum. Nulla tellus. In sagittis dui vel nisl. Duis ac nibh.');
insert into ideas (idea_id, event, content) values (468, 50, 'Nulla facilisi.');
insert into ideas (idea_id, event, content) values (469, 26, 'Fusce congue, diam id ornare imperdiet, sapien urna pretium nisl, ut volutpat sapien arcu sed augue. Aliquam erat volutpat.');
insert into ideas (idea_id, event, content) values (470, 71, 'Aenean lectus. Pellentesque eget nunc. Donec quis orci eget orci vehicula condimentum. Curabitur in libero ut massa volutpat convallis. Morbi odio odio, elementum eu, interdum eu, tincidunt in, leo.');
insert into ideas (idea_id, event, content) values (471, 90, 'Lorem ipsum dolor sit amet, consectetuer adipiscing elit. Proin interdum mauris non ligula pellentesque ultrices. Phasellus id sapien in sapien iaculis congue. Vivamus metus arcu, adipiscing molestie, hendrerit at, vulputate vitae, nisl. Aenean lectus.');
insert into ideas (idea_id, event, content) values (472, 2, 'Proin risus. Praesent lectus. Vestibulum quam sapien, varius ut, blandit non, interdum in, ante. Vestibulum ante ipsum primis in faucibus orci luctus et ultrices posuere cubilia Curae; Duis faucibus accumsan odio.');
insert into ideas (idea_id, event, content) values (473, 88, 'Duis aliquam convallis nunc.');
insert into ideas (idea_id, event, content) values (474, 56, 'Aenean sit amet justo. Morbi ut odio.');
insert into ideas (idea_id, event, content) values (475, 15, 'Proin leo odio, porttitor id, consequat in, consequat ut, nulla.');
insert into ideas (idea_id, event, content) values (476, 45, 'In hac habitasse platea dictumst. Morbi vestibulum, velit id pretium iaculis, diam erat fermentum justo, nec condimentum neque sapien placerat ante. Nulla justo.');
insert into ideas (idea_id, event, content) values (477, 25, 'Nunc rhoncus dui vel sem. Sed sagittis. Nam congue, risus semper porta volutpat, quam pede lobortis ligula, sit amet eleifend pede libero quis orci. Nullam molestie nibh in lectus. Pellentesque at nulla.');
insert into ideas (idea_id, event, content) values (478, 7, 'Morbi vestibulum, velit id pretium iaculis, diam erat fermentum justo, nec condimentum neque sapien placerat ante. Nulla justo. Aliquam quis turpis eget elit sodales scelerisque.');
insert into ideas (idea_id, event, content) values (479, 58, 'Donec ut mauris eget massa tempor convallis. Nulla neque libero, convallis eget, eleifend luctus, ultricies eu, nibh. Quisque id justo sit amet sapien dignissim vestibulum. Vestibulum ante ipsum primis in faucibus orci luctus et ultrices posuere cubilia Curae; Nulla dapibus dolor vel est. Donec odio justo, sollicitudin ut, suscipit a, feugiat et, eros.');
insert into ideas (idea_id, event, content) values (480, 41, 'Lorem ipsum dolor sit amet, consectetuer adipiscing elit. Proin interdum mauris non ligula pellentesque ultrices.');
insert into ideas (idea_id, event, content) values (481, 55, 'Donec ut dolor. Morbi vel lectus in quam fringilla rhoncus. Mauris enim leo, rhoncus sed, vestibulum sit amet, cursus id, turpis. Integer aliquet, massa id lobortis convallis, tortor risus dapibus augue, vel accumsan tellus nisi eu orci.');
insert into ideas (idea_id, event, content) values (482, 6, 'Proin risus.');
insert into ideas (idea_id, event, content) values (483, 3, 'Maecenas leo odio, condimentum id, luctus nec, molestie sed, justo. Pellentesque viverra pede ac diam. Cras pellentesque volutpat dui.');
insert into ideas (idea_id, event, content) values (484, 59, 'Nam dui. Proin leo odio, porttitor id, consequat in, consequat ut, nulla. Sed accumsan felis.');
insert into ideas (idea_id, event, content) values (485, 7, 'Nullam porttitor lacus at turpis. Donec posuere metus vitae ipsum.');
insert into ideas (idea_id, event, content) values (486, 75, 'Duis ac nibh. Fusce lacus purus, aliquet at, feugiat non, pretium quis, lectus. Suspendisse potenti.');
insert into ideas (idea_id, event, content) values (487, 23, 'Duis ac nibh. Fusce lacus purus, aliquet at, feugiat non, pretium quis, lectus. Suspendisse potenti.');
insert into ideas (idea_id, event, content) values (488, 41, 'Vestibulum ac est lacinia nisi venenatis tristique. Fusce congue, diam id ornare imperdiet, sapien urna pretium nisl, ut volutpat sapien arcu sed augue. Aliquam erat volutpat. In congue.');
insert into ideas (idea_id, event, content) values (489, 98, 'Duis bibendum, felis sed interdum venenatis, turpis enim blandit mi, in porttitor pede justo eu massa. Donec dapibus.');
insert into ideas (idea_id, event, content) values (490, 22, 'Aenean auctor gravida sem. Praesent id massa id nisl venenatis lacinia.');
insert into ideas (idea_id, event, content) values (491, 58, 'Vestibulum ante ipsum primis in faucibus orci luctus et ultrices posuere cubilia Curae; Nulla dapibus dolor vel est. Donec odio justo, sollicitudin ut, suscipit a, feugiat et, eros. Vestibulum ac est lacinia nisi venenatis tristique.');
insert into ideas (idea_id, event, content) values (492, 70, 'Nulla mollis molestie lorem. Quisque ut erat. Curabitur gravida nisi at nibh. In hac habitasse platea dictumst.');
insert into ideas (idea_id, event, content) values (493, 14, 'Duis bibendum, felis sed interdum venenatis, turpis enim blandit mi, in porttitor pede justo eu massa.');
insert into ideas (idea_id, event, content) values (494, 90, 'Duis mattis egestas metus. Aenean fermentum. Donec ut mauris eget massa tempor convallis.');
insert into ideas (idea_id, event, content) values (495, 82, 'Integer ac leo. Pellentesque ultrices mattis odio.');
insert into ideas (idea_id, event, content) values (496, 92, 'Morbi non lectus. Aliquam sit amet diam in magna bibendum imperdiet. Nullam orci pede, venenatis non, sodales sed, tincidunt eu, felis. Fusce posuere felis sed lacus. Morbi sem mauris, laoreet ut, rhoncus aliquet, pulvinar sed, nisl.');
insert into ideas (idea_id, event, content) values (497, 52, 'Cum sociis natoque penatibus et magnis dis parturient montes, nascetur ridiculus mus. Etiam vel augue. Vestibulum rutrum rutrum neque.');
insert into ideas (idea_id, event, content) values (498, 97, 'Nulla nisl. Nunc nisl. Duis bibendum, felis sed interdum venenatis, turpis enim blandit mi, in porttitor pede justo eu massa.');
insert into ideas (idea_id, event, content) values (499, 50, 'Praesent blandit lacinia erat. Vestibulum sed magna at nunc commodo placerat.');
insert into ideas (idea_id, event, content) values (500, 39, 'Vestibulum quam sapien, varius ut, blandit non, interdum in, ante. Vestibulum ante ipsum primis in faucibus orci luctus et ultrices posuere cubilia Curae; Duis faucibus accumsan odio. Curabitur convallis.');
insert into ideas (idea_id, event, content) values (501, 98, 'Aliquam erat volutpat.');
insert into ideas (idea_id, event, content) values (502, 71, 'Vivamus vel nulla eget eros elementum pellentesque.');
insert into ideas (idea_id, event, content) values (503, 91, 'Vivamus metus arcu, adipiscing molestie, hendrerit at, vulputate vitae, nisl. Aenean lectus. Pellentesque eget nunc. Donec quis orci eget orci vehicula condimentum.');
insert into ideas (idea_id, event, content) values (504, 84, 'Pellentesque ultrices mattis odio. Donec vitae nisi. Nam ultrices, libero non mattis pulvinar, nulla pede ullamcorper augue, a suscipit nulla elit ac nulla. Sed vel enim sit amet nunc viverra dapibus. Nulla suscipit ligula in lacus.');
insert into ideas (idea_id, event, content) values (505, 29, 'Nulla mollis molestie lorem. Quisque ut erat. Curabitur gravida nisi at nibh. In hac habitasse platea dictumst. Aliquam augue quam, sollicitudin vitae, consectetuer eget, rutrum at, lorem.');
insert into ideas (idea_id, event, content) values (506, 100, 'Maecenas rhoncus aliquam lacus.');
insert into ideas (idea_id, event, content) values (507, 96, 'Curabitur convallis.');
insert into ideas (idea_id, event, content) values (508, 73, 'Mauris enim leo, rhoncus sed, vestibulum sit amet, cursus id, turpis.');
insert into ideas (idea_id, event, content) values (509, 23, 'Donec ut dolor.');
insert into ideas (idea_id, event, content) values (510, 16, 'Sed accumsan felis. Ut at dolor quis odio consequat varius. Integer ac leo. Pellentesque ultrices mattis odio. Donec vitae nisi.');
insert into ideas (idea_id, event, content) values (511, 100, 'Cras in purus eu magna vulputate luctus.');
insert into ideas (idea_id, event, content) values (512, 99, 'Nulla tempus. Vivamus in felis eu sapien cursus vestibulum. Proin eu mi.');
insert into ideas (idea_id, event, content) values (513, 93, 'Duis ac nibh. Fusce lacus purus, aliquet at, feugiat non, pretium quis, lectus. Suspendisse potenti. In eleifend quam a odio.');
insert into ideas (idea_id, event, content) values (514, 29, 'Nam tristique tortor eu pede.');
insert into ideas (idea_id, event, content) values (515, 77, 'Donec dapibus. Duis at velit eu est congue elementum. In hac habitasse platea dictumst.');
insert into ideas (idea_id, event, content) values (516, 2, 'Integer pede justo, lacinia eget, tincidunt eget, tempus vel, pede.');
insert into ideas (idea_id, event, content) values (517, 4, 'Etiam pretium iaculis justo.');
insert into ideas (idea_id, event, content) values (518, 19, 'Aliquam erat volutpat. In congue. Etiam justo.');
insert into ideas (idea_id, event, content) values (519, 18, 'In hac habitasse platea dictumst. Etiam faucibus cursus urna. Ut tellus. Nulla ut erat id mauris vulputate elementum. Nullam varius.');
insert into ideas (idea_id, event, content) values (520, 53, 'In hac habitasse platea dictumst. Aliquam augue quam, sollicitudin vitae, consectetuer eget, rutrum at, lorem. Integer tincidunt ante vel ipsum. Praesent blandit lacinia erat. Vestibulum sed magna at nunc commodo placerat.');
insert into ideas (idea_id, event, content) values (521, 12, 'Maecenas tristique, est et tempus semper, est quam pharetra magna, ac consequat metus sapien ut nunc. Vestibulum ante ipsum primis in faucibus orci luctus et ultrices posuere cubilia Curae; Mauris viverra diam vitae quam. Suspendisse potenti. Nullam porttitor lacus at turpis.');
insert into ideas (idea_id, event, content) values (522, 56, 'Duis bibendum, felis sed interdum venenatis, turpis enim blandit mi, in porttitor pede justo eu massa. Donec dapibus. Duis at velit eu est congue elementum.');
insert into ideas (idea_id, event, content) values (523, 40, 'Quisque porta volutpat erat. Quisque erat eros, viverra eget, congue eget, semper rutrum, nulla. Nunc purus. Phasellus in felis.');
insert into ideas (idea_id, event, content) values (524, 60, 'Mauris sit amet eros. Suspendisse accumsan tortor quis turpis. Sed ante. Vivamus tortor.');
insert into ideas (idea_id, event, content) values (525, 34, 'Aenean fermentum. Donec ut mauris eget massa tempor convallis. Nulla neque libero, convallis eget, eleifend luctus, ultricies eu, nibh. Quisque id justo sit amet sapien dignissim vestibulum.');
insert into ideas (idea_id, event, content) values (526, 5, 'Nulla suscipit ligula in lacus. Curabitur at ipsum ac tellus semper interdum. Mauris ullamcorper purus sit amet nulla. Quisque arcu libero, rutrum ac, lobortis vel, dapibus at, diam.');
insert into ideas (idea_id, event, content) values (527, 34, 'Proin leo odio, porttitor id, consequat in, consequat ut, nulla. Sed accumsan felis. Ut at dolor quis odio consequat varius. Integer ac leo. Pellentesque ultrices mattis odio.');
insert into ideas (idea_id, event, content) values (528, 88, 'Morbi porttitor lorem id ligula.');
insert into ideas (idea_id, event, content) values (529, 35, 'In blandit ultrices enim.');
insert into ideas (idea_id, event, content) values (530, 36, 'Vestibulum ante ipsum primis in faucibus orci luctus et ultrices posuere cubilia Curae; Duis faucibus accumsan odio. Curabitur convallis. Duis consequat dui nec nisi volutpat eleifend. Donec ut dolor.');
insert into ideas (idea_id, event, content) values (531, 1, 'Sed ante. Vivamus tortor. Duis mattis egestas metus.');
insert into ideas (idea_id, event, content) values (532, 47, 'Quisque erat eros, viverra eget, congue eget, semper rutrum, nulla. Nunc purus. Phasellus in felis.');
insert into ideas (idea_id, event, content) values (533, 35, 'Etiam pretium iaculis justo. In hac habitasse platea dictumst. Etiam faucibus cursus urna. Ut tellus. Nulla ut erat id mauris vulputate elementum.');
insert into ideas (idea_id, event, content) values (534, 14, 'Integer ac neque. Duis bibendum.');
insert into ideas (idea_id, event, content) values (535, 95, 'In hac habitasse platea dictumst. Morbi vestibulum, velit id pretium iaculis, diam erat fermentum justo, nec condimentum neque sapien placerat ante. Nulla justo. Aliquam quis turpis eget elit sodales scelerisque. Mauris sit amet eros.');
insert into ideas (idea_id, event, content) values (536, 29, 'Donec odio justo, sollicitudin ut, suscipit a, feugiat et, eros. Vestibulum ac est lacinia nisi venenatis tristique. Fusce congue, diam id ornare imperdiet, sapien urna pretium nisl, ut volutpat sapien arcu sed augue. Aliquam erat volutpat. In congue.');
insert into ideas (idea_id, event, content) values (537, 51, 'Proin risus. Praesent lectus. Vestibulum quam sapien, varius ut, blandit non, interdum in, ante. Vestibulum ante ipsum primis in faucibus orci luctus et ultrices posuere cubilia Curae; Duis faucibus accumsan odio.');
insert into ideas (idea_id, event, content) values (538, 83, 'Fusce congue, diam id ornare imperdiet, sapien urna pretium nisl, ut volutpat sapien arcu sed augue. Aliquam erat volutpat. In congue.');
insert into ideas (idea_id, event, content) values (539, 27, 'Ut tellus.');
insert into ideas (idea_id, event, content) values (540, 82, 'Phasellus sit amet erat. Nulla tempus. Vivamus in felis eu sapien cursus vestibulum. Proin eu mi.');
insert into ideas (idea_id, event, content) values (541, 77, 'Duis at velit eu est congue elementum. In hac habitasse platea dictumst. Morbi vestibulum, velit id pretium iaculis, diam erat fermentum justo, nec condimentum neque sapien placerat ante. Nulla justo. Aliquam quis turpis eget elit sodales scelerisque.');
insert into ideas (idea_id, event, content) values (542, 5, 'Duis bibendum. Morbi non quam nec dui luctus rutrum. Nulla tellus. In sagittis dui vel nisl. Duis ac nibh.');
insert into ideas (idea_id, event, content) values (543, 62, 'Mauris lacinia sapien quis libero. Nullam sit amet turpis elementum ligula vehicula consequat. Morbi a ipsum.');
insert into ideas (idea_id, event, content) values (544, 63, 'In sagittis dui vel nisl. Duis ac nibh.');
insert into ideas (idea_id, event, content) values (545, 17, 'Morbi porttitor lorem id ligula. Suspendisse ornare consequat lectus. In est risus, auctor sed, tristique in, tempus sit amet, sem.');
insert into ideas (idea_id, event, content) values (546, 9, 'Vestibulum ante ipsum primis in faucibus orci luctus et ultrices posuere cubilia Curae; Donec pharetra, magna vestibulum aliquet ultrices, erat tortor sollicitudin mi, sit amet lobortis sapien sapien non mi. Integer ac neque.');
insert into ideas (idea_id, event, content) values (547, 82, 'Morbi sem mauris, laoreet ut, rhoncus aliquet, pulvinar sed, nisl. Nunc rhoncus dui vel sem. Sed sagittis. Nam congue, risus semper porta volutpat, quam pede lobortis ligula, sit amet eleifend pede libero quis orci. Nullam molestie nibh in lectus.');
insert into ideas (idea_id, event, content) values (548, 51, 'Morbi vestibulum, velit id pretium iaculis, diam erat fermentum justo, nec condimentum neque sapien placerat ante. Nulla justo. Aliquam quis turpis eget elit sodales scelerisque. Mauris sit amet eros.');
insert into ideas (idea_id, event, content) values (549, 2, 'Sed vel enim sit amet nunc viverra dapibus.');
insert into ideas (idea_id, event, content) values (550, 35, 'Aenean fermentum. Donec ut mauris eget massa tempor convallis. Nulla neque libero, convallis eget, eleifend luctus, ultricies eu, nibh. Quisque id justo sit amet sapien dignissim vestibulum. Vestibulum ante ipsum primis in faucibus orci luctus et ultrices posuere cubilia Curae; Nulla dapibus dolor vel est.');
insert into ideas (idea_id, event, content) values (551, 12, 'Donec posuere metus vitae ipsum. Aliquam non mauris. Morbi non lectus. Aliquam sit amet diam in magna bibendum imperdiet. Nullam orci pede, venenatis non, sodales sed, tincidunt eu, felis.');
insert into ideas (idea_id, event, content) values (552, 82, 'Lorem ipsum dolor sit amet, consectetuer adipiscing elit. Proin interdum mauris non ligula pellentesque ultrices. Phasellus id sapien in sapien iaculis congue.');
insert into ideas (idea_id, event, content) values (553, 52, 'Morbi sem mauris, laoreet ut, rhoncus aliquet, pulvinar sed, nisl. Nunc rhoncus dui vel sem.');
insert into ideas (idea_id, event, content) values (554, 43, 'Morbi quis tortor id nulla ultrices aliquet. Maecenas leo odio, condimentum id, luctus nec, molestie sed, justo.');
insert into ideas (idea_id, event, content) values (555, 24, 'Nulla ut erat id mauris vulputate elementum. Nullam varius.');
insert into ideas (idea_id, event, content) values (556, 19, 'Mauris sit amet eros.');
insert into ideas (idea_id, event, content) values (557, 92, 'Fusce congue, diam id ornare imperdiet, sapien urna pretium nisl, ut volutpat sapien arcu sed augue. Aliquam erat volutpat. In congue.');
insert into ideas (idea_id, event, content) values (558, 99, 'Pellentesque at nulla. Suspendisse potenti.');
insert into ideas (idea_id, event, content) values (559, 87, 'Nullam porttitor lacus at turpis. Donec posuere metus vitae ipsum. Aliquam non mauris. Morbi non lectus. Aliquam sit amet diam in magna bibendum imperdiet.');
insert into ideas (idea_id, event, content) values (560, 61, 'Quisque porta volutpat erat.');
insert into ideas (idea_id, event, content) values (561, 75, 'Vestibulum quam sapien, varius ut, blandit non, interdum in, ante. Vestibulum ante ipsum primis in faucibus orci luctus et ultrices posuere cubilia Curae; Duis faucibus accumsan odio.');
insert into ideas (idea_id, event, content) values (562, 17, 'Aliquam erat volutpat. In congue. Etiam justo. Etiam pretium iaculis justo.');
insert into ideas (idea_id, event, content) values (563, 79, 'Nunc rhoncus dui vel sem.');
insert into ideas (idea_id, event, content) values (564, 95, 'Curabitur gravida nisi at nibh. In hac habitasse platea dictumst.');
insert into ideas (idea_id, event, content) values (565, 25, 'Vestibulum sed magna at nunc commodo placerat.');
insert into ideas (idea_id, event, content) values (566, 32, 'Mauris ullamcorper purus sit amet nulla. Quisque arcu libero, rutrum ac, lobortis vel, dapibus at, diam. Nam tristique tortor eu pede.');
insert into ideas (idea_id, event, content) values (567, 25, 'Vivamus tortor.');
insert into ideas (idea_id, event, content) values (568, 73, 'Integer ac neque. Duis bibendum. Morbi non quam nec dui luctus rutrum. Nulla tellus.');
insert into ideas (idea_id, event, content) values (569, 93, 'Sed sagittis. Nam congue, risus semper porta volutpat, quam pede lobortis ligula, sit amet eleifend pede libero quis orci. Nullam molestie nibh in lectus. Pellentesque at nulla. Suspendisse potenti.');
insert into ideas (idea_id, event, content) values (570, 71, 'Nunc rhoncus dui vel sem.');
insert into ideas (idea_id, event, content) values (571, 63, 'In quis justo.');
insert into ideas (idea_id, event, content) values (572, 40, 'Duis mattis egestas metus.');
insert into ideas (idea_id, event, content) values (573, 50, 'Donec ut dolor. Morbi vel lectus in quam fringilla rhoncus. Mauris enim leo, rhoncus sed, vestibulum sit amet, cursus id, turpis. Integer aliquet, massa id lobortis convallis, tortor risus dapibus augue, vel accumsan tellus nisi eu orci.');
insert into ideas (idea_id, event, content) values (574, 59, 'Vestibulum ac est lacinia nisi venenatis tristique. Fusce congue, diam id ornare imperdiet, sapien urna pretium nisl, ut volutpat sapien arcu sed augue. Aliquam erat volutpat. In congue.');
insert into ideas (idea_id, event, content) values (575, 62, 'Suspendisse potenti.');
insert into ideas (idea_id, event, content) values (576, 78, 'Duis bibendum, felis sed interdum venenatis, turpis enim blandit mi, in porttitor pede justo eu massa.');
insert into ideas (idea_id, event, content) values (577, 79, 'Nunc purus.');
insert into ideas (idea_id, event, content) values (578, 13, 'Donec vitae nisi.');
insert into ideas (idea_id, event, content) values (579, 56, 'Nulla ut erat id mauris vulputate elementum. Nullam varius. Nulla facilisi.');
insert into ideas (idea_id, event, content) values (580, 55, 'Nullam orci pede, venenatis non, sodales sed, tincidunt eu, felis. Fusce posuere felis sed lacus. Morbi sem mauris, laoreet ut, rhoncus aliquet, pulvinar sed, nisl.');
insert into ideas (idea_id, event, content) values (581, 86, 'Donec quis orci eget orci vehicula condimentum. Curabitur in libero ut massa volutpat convallis. Morbi odio odio, elementum eu, interdum eu, tincidunt in, leo.');
insert into ideas (idea_id, event, content) values (582, 55, 'Fusce consequat. Nulla nisl. Nunc nisl.');
insert into ideas (idea_id, event, content) values (583, 53, 'Curabitur convallis. Duis consequat dui nec nisi volutpat eleifend. Donec ut dolor. Morbi vel lectus in quam fringilla rhoncus. Mauris enim leo, rhoncus sed, vestibulum sit amet, cursus id, turpis.');
insert into ideas (idea_id, event, content) values (584, 55, 'Ut tellus. Nulla ut erat id mauris vulputate elementum. Nullam varius. Nulla facilisi. Cras non velit nec nisi vulputate nonummy.');
insert into ideas (idea_id, event, content) values (585, 37, 'In hac habitasse platea dictumst. Etiam faucibus cursus urna. Ut tellus. Nulla ut erat id mauris vulputate elementum. Nullam varius.');
insert into ideas (idea_id, event, content) values (586, 49, 'Fusce congue, diam id ornare imperdiet, sapien urna pretium nisl, ut volutpat sapien arcu sed augue. Aliquam erat volutpat. In congue. Etiam justo.');
insert into ideas (idea_id, event, content) values (587, 41, 'Mauris lacinia sapien quis libero. Nullam sit amet turpis elementum ligula vehicula consequat. Morbi a ipsum. Integer a nibh. In quis justo.');
insert into ideas (idea_id, event, content) values (588, 83, 'Quisque arcu libero, rutrum ac, lobortis vel, dapibus at, diam.');
insert into ideas (idea_id, event, content) values (589, 94, 'Curabitur in libero ut massa volutpat convallis. Morbi odio odio, elementum eu, interdum eu, tincidunt in, leo. Maecenas pulvinar lobortis est.');
insert into ideas (idea_id, event, content) values (590, 47, 'In hac habitasse platea dictumst. Maecenas ut massa quis augue luctus tincidunt. Nulla mollis molestie lorem. Quisque ut erat.');
insert into ideas (idea_id, event, content) values (591, 64, 'Nullam porttitor lacus at turpis.');
insert into ideas (idea_id, event, content) values (592, 56, 'Cum sociis natoque penatibus et magnis dis parturient montes, nascetur ridiculus mus. Etiam vel augue. Vestibulum rutrum rutrum neque.');
insert into ideas (idea_id, event, content) values (593, 32, 'Donec odio justo, sollicitudin ut, suscipit a, feugiat et, eros. Vestibulum ac est lacinia nisi venenatis tristique.');
insert into ideas (idea_id, event, content) values (594, 80, 'Aenean lectus. Pellentesque eget nunc. Donec quis orci eget orci vehicula condimentum.');
insert into ideas (idea_id, event, content) values (595, 21, 'Aliquam quis turpis eget elit sodales scelerisque. Mauris sit amet eros. Suspendisse accumsan tortor quis turpis. Sed ante.');
insert into ideas (idea_id, event, content) values (596, 33, 'In eleifend quam a odio. In hac habitasse platea dictumst.');
insert into ideas (idea_id, event, content) values (597, 10, 'Duis aliquam convallis nunc. Proin at turpis a pede posuere nonummy. Integer non velit.');
insert into ideas (idea_id, event, content) values (598, 22, 'Vestibulum ante ipsum primis in faucibus orci luctus et ultrices posuere cubilia Curae; Duis faucibus accumsan odio. Curabitur convallis. Duis consequat dui nec nisi volutpat eleifend. Donec ut dolor. Morbi vel lectus in quam fringilla rhoncus.');
insert into ideas (idea_id, event, content) values (599, 89, 'In quis justo. Maecenas rhoncus aliquam lacus. Morbi quis tortor id nulla ultrices aliquet. Maecenas leo odio, condimentum id, luctus nec, molestie sed, justo.');
insert into ideas (idea_id, event, content) values (600, 94, 'Fusce posuere felis sed lacus. Morbi sem mauris, laoreet ut, rhoncus aliquet, pulvinar sed, nisl.');
insert into ideas (idea_id, event, content) values (601, 53, 'Suspendisse potenti. In eleifend quam a odio.');
insert into ideas (idea_id, event, content) values (602, 72, 'Nulla nisl. Nunc nisl. Duis bibendum, felis sed interdum venenatis, turpis enim blandit mi, in porttitor pede justo eu massa.');
insert into ideas (idea_id, event, content) values (603, 14, 'Nam congue, risus semper porta volutpat, quam pede lobortis ligula, sit amet eleifend pede libero quis orci.');
insert into ideas (idea_id, event, content) values (604, 89, 'Vivamus vestibulum sagittis sapien. Cum sociis natoque penatibus et magnis dis parturient montes, nascetur ridiculus mus. Etiam vel augue.');
insert into ideas (idea_id, event, content) values (605, 8, 'Nunc purus. Phasellus in felis.');
insert into ideas (idea_id, event, content) values (606, 36, 'In blandit ultrices enim. Lorem ipsum dolor sit amet, consectetuer adipiscing elit. Proin interdum mauris non ligula pellentesque ultrices.');
insert into ideas (idea_id, event, content) values (607, 6, 'Ut tellus. Nulla ut erat id mauris vulputate elementum. Nullam varius. Nulla facilisi. Cras non velit nec nisi vulputate nonummy.');
insert into ideas (idea_id, event, content) values (608, 75, 'Aliquam erat volutpat. In congue.');
insert into ideas (idea_id, event, content) values (609, 4, 'Nunc purus. Phasellus in felis. Donec semper sapien a libero. Nam dui.');
insert into ideas (idea_id, event, content) values (610, 8, 'Mauris sit amet eros. Suspendisse accumsan tortor quis turpis. Sed ante.');
insert into ideas (idea_id, event, content) values (611, 36, 'Nam ultrices, libero non mattis pulvinar, nulla pede ullamcorper augue, a suscipit nulla elit ac nulla. Sed vel enim sit amet nunc viverra dapibus. Nulla suscipit ligula in lacus. Curabitur at ipsum ac tellus semper interdum.');
insert into ideas (idea_id, event, content) values (612, 54, 'Praesent blandit. Nam nulla. Integer pede justo, lacinia eget, tincidunt eget, tempus vel, pede. Morbi porttitor lorem id ligula. Suspendisse ornare consequat lectus.');
insert into ideas (idea_id, event, content) values (613, 65, 'Proin at turpis a pede posuere nonummy. Integer non velit.');
insert into ideas (idea_id, event, content) values (614, 27, 'Morbi vel lectus in quam fringilla rhoncus. Mauris enim leo, rhoncus sed, vestibulum sit amet, cursus id, turpis.');
insert into ideas (idea_id, event, content) values (615, 95, 'Ut tellus.');
insert into ideas (idea_id, event, content) values (616, 22, 'In quis justo. Maecenas rhoncus aliquam lacus. Morbi quis tortor id nulla ultrices aliquet. Maecenas leo odio, condimentum id, luctus nec, molestie sed, justo. Pellentesque viverra pede ac diam.');
insert into ideas (idea_id, event, content) values (617, 50, 'Quisque erat eros, viverra eget, congue eget, semper rutrum, nulla. Nunc purus. Phasellus in felis.');
insert into ideas (idea_id, event, content) values (618, 99, 'Sed sagittis. Nam congue, risus semper porta volutpat, quam pede lobortis ligula, sit amet eleifend pede libero quis orci. Nullam molestie nibh in lectus. Pellentesque at nulla. Suspendisse potenti.');
insert into ideas (idea_id, event, content) values (619, 42, 'Aenean auctor gravida sem. Praesent id massa id nisl venenatis lacinia. Aenean sit amet justo. Morbi ut odio. Cras mi pede, malesuada in, imperdiet et, commodo vulputate, justo.');
insert into ideas (idea_id, event, content) values (620, 57, 'Morbi a ipsum. Integer a nibh. In quis justo. Maecenas rhoncus aliquam lacus.');
insert into ideas (idea_id, event, content) values (621, 83, 'Vestibulum sed magna at nunc commodo placerat. Praesent blandit. Nam nulla. Integer pede justo, lacinia eget, tincidunt eget, tempus vel, pede. Morbi porttitor lorem id ligula.');
insert into ideas (idea_id, event, content) values (622, 72, 'Duis bibendum. Morbi non quam nec dui luctus rutrum.');
insert into ideas (idea_id, event, content) values (623, 90, 'Praesent id massa id nisl venenatis lacinia. Aenean sit amet justo.');
insert into ideas (idea_id, event, content) values (624, 16, 'Suspendisse potenti. Cras in purus eu magna vulputate luctus. Cum sociis natoque penatibus et magnis dis parturient montes, nascetur ridiculus mus. Vivamus vestibulum sagittis sapien.');
insert into ideas (idea_id, event, content) values (625, 86, 'Nulla tellus. In sagittis dui vel nisl. Duis ac nibh.');
insert into ideas (idea_id, event, content) values (626, 30, 'Vestibulum ac est lacinia nisi venenatis tristique. Fusce congue, diam id ornare imperdiet, sapien urna pretium nisl, ut volutpat sapien arcu sed augue. Aliquam erat volutpat. In congue.');
insert into ideas (idea_id, event, content) values (627, 83, 'Aliquam augue quam, sollicitudin vitae, consectetuer eget, rutrum at, lorem. Integer tincidunt ante vel ipsum. Praesent blandit lacinia erat.');
insert into ideas (idea_id, event, content) values (628, 34, 'Nullam molestie nibh in lectus. Pellentesque at nulla. Suspendisse potenti.');
insert into ideas (idea_id, event, content) values (629, 1, 'Morbi odio odio, elementum eu, interdum eu, tincidunt in, leo. Maecenas pulvinar lobortis est. Phasellus sit amet erat. Nulla tempus.');
insert into ideas (idea_id, event, content) values (630, 36, 'Nunc rhoncus dui vel sem. Sed sagittis. Nam congue, risus semper porta volutpat, quam pede lobortis ligula, sit amet eleifend pede libero quis orci.');
insert into ideas (idea_id, event, content) values (631, 39, 'Vivamus vel nulla eget eros elementum pellentesque. Quisque porta volutpat erat. Quisque erat eros, viverra eget, congue eget, semper rutrum, nulla. Nunc purus. Phasellus in felis.');
insert into ideas (idea_id, event, content) values (632, 54, 'Proin leo odio, porttitor id, consequat in, consequat ut, nulla.');
insert into ideas (idea_id, event, content) values (633, 40, 'Vivamus vel nulla eget eros elementum pellentesque. Quisque porta volutpat erat. Quisque erat eros, viverra eget, congue eget, semper rutrum, nulla. Nunc purus.');
insert into ideas (idea_id, event, content) values (634, 74, 'Vestibulum ante ipsum primis in faucibus orci luctus et ultrices posuere cubilia Curae; Nulla dapibus dolor vel est. Donec odio justo, sollicitudin ut, suscipit a, feugiat et, eros.');
insert into ideas (idea_id, event, content) values (635, 73, 'Quisque porta volutpat erat. Quisque erat eros, viverra eget, congue eget, semper rutrum, nulla. Nunc purus. Phasellus in felis. Donec semper sapien a libero.');
insert into ideas (idea_id, event, content) values (636, 27, 'Pellentesque at nulla. Suspendisse potenti.');
insert into ideas (idea_id, event, content) values (637, 9, 'Etiam pretium iaculis justo. In hac habitasse platea dictumst. Etiam faucibus cursus urna.');
insert into ideas (idea_id, event, content) values (638, 54, 'Integer ac neque. Duis bibendum. Morbi non quam nec dui luctus rutrum. Nulla tellus.');
insert into ideas (idea_id, event, content) values (639, 32, 'Ut tellus. Nulla ut erat id mauris vulputate elementum.');
insert into ideas (idea_id, event, content) values (640, 99, 'Nulla tempus. Vivamus in felis eu sapien cursus vestibulum. Proin eu mi. Nulla ac enim. In tempor, turpis nec euismod scelerisque, quam turpis adipiscing lorem, vitae mattis nibh ligula nec sem.');
insert into ideas (idea_id, event, content) values (641, 70, 'Suspendisse ornare consequat lectus. In est risus, auctor sed, tristique in, tempus sit amet, sem.');
insert into ideas (idea_id, event, content) values (642, 79, 'Etiam justo. Etiam pretium iaculis justo.');
insert into ideas (idea_id, event, content) values (643, 72, 'Vivamus in felis eu sapien cursus vestibulum. Proin eu mi. Nulla ac enim. In tempor, turpis nec euismod scelerisque, quam turpis adipiscing lorem, vitae mattis nibh ligula nec sem. Duis aliquam convallis nunc.');
insert into ideas (idea_id, event, content) values (644, 66, 'Mauris sit amet eros.');
insert into ideas (idea_id, event, content) values (645, 76, 'Curabitur at ipsum ac tellus semper interdum. Mauris ullamcorper purus sit amet nulla.');
insert into ideas (idea_id, event, content) values (646, 52, 'Praesent lectus. Vestibulum quam sapien, varius ut, blandit non, interdum in, ante. Vestibulum ante ipsum primis in faucibus orci luctus et ultrices posuere cubilia Curae; Duis faucibus accumsan odio.');
insert into ideas (idea_id, event, content) values (647, 19, 'Pellentesque eget nunc.');
insert into ideas (idea_id, event, content) values (648, 53, 'Maecenas pulvinar lobortis est. Phasellus sit amet erat. Nulla tempus.');
insert into ideas (idea_id, event, content) values (649, 80, 'Praesent blandit. Nam nulla.');
insert into ideas (idea_id, event, content) values (650, 74, 'Vestibulum ante ipsum primis in faucibus orci luctus et ultrices posuere cubilia Curae; Duis faucibus accumsan odio. Curabitur convallis. Duis consequat dui nec nisi volutpat eleifend.');
insert into ideas (idea_id, event, content) values (651, 64, 'Aenean fermentum. Donec ut mauris eget massa tempor convallis. Nulla neque libero, convallis eget, eleifend luctus, ultricies eu, nibh. Quisque id justo sit amet sapien dignissim vestibulum.');
insert into ideas (idea_id, event, content) values (652, 59, 'Vestibulum ante ipsum primis in faucibus orci luctus et ultrices posuere cubilia Curae; Nulla dapibus dolor vel est. Donec odio justo, sollicitudin ut, suscipit a, feugiat et, eros.');
insert into ideas (idea_id, event, content) values (653, 35, 'Fusce congue, diam id ornare imperdiet, sapien urna pretium nisl, ut volutpat sapien arcu sed augue. Aliquam erat volutpat. In congue.');
insert into ideas (idea_id, event, content) values (654, 39, 'Lorem ipsum dolor sit amet, consectetuer adipiscing elit.');
insert into ideas (idea_id, event, content) values (655, 25, 'Duis consequat dui nec nisi volutpat eleifend.');
insert into ideas (idea_id, event, content) values (656, 13, 'Nullam orci pede, venenatis non, sodales sed, tincidunt eu, felis. Fusce posuere felis sed lacus. Morbi sem mauris, laoreet ut, rhoncus aliquet, pulvinar sed, nisl.');
insert into ideas (idea_id, event, content) values (657, 22, 'Nulla suscipit ligula in lacus. Curabitur at ipsum ac tellus semper interdum. Mauris ullamcorper purus sit amet nulla.');
insert into ideas (idea_id, event, content) values (658, 6, 'Nulla tellus. In sagittis dui vel nisl. Duis ac nibh.');
insert into ideas (idea_id, event, content) values (659, 32, 'Morbi sem mauris, laoreet ut, rhoncus aliquet, pulvinar sed, nisl. Nunc rhoncus dui vel sem. Sed sagittis.');
insert into ideas (idea_id, event, content) values (660, 60, 'Cum sociis natoque penatibus et magnis dis parturient montes, nascetur ridiculus mus. Etiam vel augue. Vestibulum rutrum rutrum neque. Aenean auctor gravida sem.');
insert into ideas (idea_id, event, content) values (661, 1, 'Fusce consequat. Nulla nisl.');
insert into ideas (idea_id, event, content) values (662, 80, 'Etiam faucibus cursus urna. Ut tellus. Nulla ut erat id mauris vulputate elementum. Nullam varius.');
insert into ideas (idea_id, event, content) values (663, 67, 'Duis mattis egestas metus. Aenean fermentum. Donec ut mauris eget massa tempor convallis. Nulla neque libero, convallis eget, eleifend luctus, ultricies eu, nibh. Quisque id justo sit amet sapien dignissim vestibulum.');
insert into ideas (idea_id, event, content) values (664, 81, 'In est risus, auctor sed, tristique in, tempus sit amet, sem.');
insert into ideas (idea_id, event, content) values (665, 97, 'Nam tristique tortor eu pede.');
insert into ideas (idea_id, event, content) values (666, 98, 'Fusce posuere felis sed lacus.');
insert into ideas (idea_id, event, content) values (667, 6, 'Vivamus in felis eu sapien cursus vestibulum. Proin eu mi. Nulla ac enim.');
insert into ideas (idea_id, event, content) values (668, 77, 'Mauris ullamcorper purus sit amet nulla.');
insert into ideas (idea_id, event, content) values (669, 22, 'Nunc rhoncus dui vel sem. Sed sagittis.');
insert into ideas (idea_id, event, content) values (670, 75, 'Praesent lectus. Vestibulum quam sapien, varius ut, blandit non, interdum in, ante. Vestibulum ante ipsum primis in faucibus orci luctus et ultrices posuere cubilia Curae; Duis faucibus accumsan odio.');
insert into ideas (idea_id, event, content) values (671, 65, 'Cum sociis natoque penatibus et magnis dis parturient montes, nascetur ridiculus mus. Etiam vel augue. Vestibulum rutrum rutrum neque. Aenean auctor gravida sem. Praesent id massa id nisl venenatis lacinia.');
insert into ideas (idea_id, event, content) values (672, 91, 'Vestibulum ante ipsum primis in faucibus orci luctus et ultrices posuere cubilia Curae; Duis faucibus accumsan odio. Curabitur convallis. Duis consequat dui nec nisi volutpat eleifend.');
insert into ideas (idea_id, event, content) values (673, 30, 'Vestibulum sed magna at nunc commodo placerat. Praesent blandit. Nam nulla.');
insert into ideas (idea_id, event, content) values (674, 71, 'Maecenas ut massa quis augue luctus tincidunt. Nulla mollis molestie lorem. Quisque ut erat. Curabitur gravida nisi at nibh. In hac habitasse platea dictumst.');
insert into ideas (idea_id, event, content) values (675, 2, 'Integer a nibh. In quis justo. Maecenas rhoncus aliquam lacus. Morbi quis tortor id nulla ultrices aliquet.');
insert into ideas (idea_id, event, content) values (676, 7, 'Maecenas rhoncus aliquam lacus. Morbi quis tortor id nulla ultrices aliquet.');
insert into ideas (idea_id, event, content) values (677, 88, 'Maecenas tincidunt lacus at velit. Vivamus vel nulla eget eros elementum pellentesque. Quisque porta volutpat erat. Quisque erat eros, viverra eget, congue eget, semper rutrum, nulla.');
insert into ideas (idea_id, event, content) values (678, 58, 'Cras non velit nec nisi vulputate nonummy. Maecenas tincidunt lacus at velit. Vivamus vel nulla eget eros elementum pellentesque. Quisque porta volutpat erat. Quisque erat eros, viverra eget, congue eget, semper rutrum, nulla.');
insert into ideas (idea_id, event, content) values (679, 3, 'Vestibulum quam sapien, varius ut, blandit non, interdum in, ante. Vestibulum ante ipsum primis in faucibus orci luctus et ultrices posuere cubilia Curae; Duis faucibus accumsan odio. Curabitur convallis.');
insert into ideas (idea_id, event, content) values (680, 81, 'Quisque id justo sit amet sapien dignissim vestibulum. Vestibulum ante ipsum primis in faucibus orci luctus et ultrices posuere cubilia Curae; Nulla dapibus dolor vel est. Donec odio justo, sollicitudin ut, suscipit a, feugiat et, eros. Vestibulum ac est lacinia nisi venenatis tristique. Fusce congue, diam id ornare imperdiet, sapien urna pretium nisl, ut volutpat sapien arcu sed augue.');
insert into ideas (idea_id, event, content) values (681, 96, 'Phasellus in felis. Donec semper sapien a libero. Nam dui.');
insert into ideas (idea_id, event, content) values (682, 72, 'Nunc nisl. Duis bibendum, felis sed interdum venenatis, turpis enim blandit mi, in porttitor pede justo eu massa. Donec dapibus. Duis at velit eu est congue elementum. In hac habitasse platea dictumst.');
insert into ideas (idea_id, event, content) values (683, 41, 'Phasellus id sapien in sapien iaculis congue. Vivamus metus arcu, adipiscing molestie, hendrerit at, vulputate vitae, nisl.');
insert into ideas (idea_id, event, content) values (684, 76, 'Nulla tempus. Vivamus in felis eu sapien cursus vestibulum. Proin eu mi. Nulla ac enim.');
insert into ideas (idea_id, event, content) values (685, 17, 'Duis aliquam convallis nunc.');
insert into ideas (idea_id, event, content) values (686, 5, 'Suspendisse potenti. Cras in purus eu magna vulputate luctus. Cum sociis natoque penatibus et magnis dis parturient montes, nascetur ridiculus mus.');
insert into ideas (idea_id, event, content) values (687, 31, 'Vivamus vestibulum sagittis sapien. Cum sociis natoque penatibus et magnis dis parturient montes, nascetur ridiculus mus. Etiam vel augue. Vestibulum rutrum rutrum neque.');
insert into ideas (idea_id, event, content) values (688, 82, 'Phasellus id sapien in sapien iaculis congue. Vivamus metus arcu, adipiscing molestie, hendrerit at, vulputate vitae, nisl. Aenean lectus.');
insert into ideas (idea_id, event, content) values (689, 79, 'Nunc nisl. Duis bibendum, felis sed interdum venenatis, turpis enim blandit mi, in porttitor pede justo eu massa.');
insert into ideas (idea_id, event, content) values (690, 32, 'Morbi non quam nec dui luctus rutrum. Nulla tellus. In sagittis dui vel nisl. Duis ac nibh.');
insert into ideas (idea_id, event, content) values (691, 99, 'Integer pede justo, lacinia eget, tincidunt eget, tempus vel, pede. Morbi porttitor lorem id ligula. Suspendisse ornare consequat lectus. In est risus, auctor sed, tristique in, tempus sit amet, sem. Fusce consequat.');
insert into ideas (idea_id, event, content) values (692, 68, 'Quisque arcu libero, rutrum ac, lobortis vel, dapibus at, diam.');
insert into ideas (idea_id, event, content) values (693, 54, 'Maecenas tincidunt lacus at velit.');
insert into ideas (idea_id, event, content) values (694, 13, 'Phasellus sit amet erat. Nulla tempus. Vivamus in felis eu sapien cursus vestibulum. Proin eu mi.');
insert into ideas (idea_id, event, content) values (695, 46, 'Suspendisse accumsan tortor quis turpis. Sed ante. Vivamus tortor. Duis mattis egestas metus.');
insert into ideas (idea_id, event, content) values (696, 81, 'Fusce consequat. Nulla nisl. Nunc nisl. Duis bibendum, felis sed interdum venenatis, turpis enim blandit mi, in porttitor pede justo eu massa.');
insert into ideas (idea_id, event, content) values (697, 69, 'Duis consequat dui nec nisi volutpat eleifend.');
insert into ideas (idea_id, event, content) values (698, 74, 'Nulla neque libero, convallis eget, eleifend luctus, ultricies eu, nibh. Quisque id justo sit amet sapien dignissim vestibulum. Vestibulum ante ipsum primis in faucibus orci luctus et ultrices posuere cubilia Curae; Nulla dapibus dolor vel est. Donec odio justo, sollicitudin ut, suscipit a, feugiat et, eros.');
insert into ideas (idea_id, event, content) values (699, 99, 'Fusce lacus purus, aliquet at, feugiat non, pretium quis, lectus. Suspendisse potenti. In eleifend quam a odio. In hac habitasse platea dictumst. Maecenas ut massa quis augue luctus tincidunt.');
insert into ideas (idea_id, event, content) values (700, 21, 'Vestibulum ante ipsum primis in faucibus orci luctus et ultrices posuere cubilia Curae; Nulla dapibus dolor vel est. Donec odio justo, sollicitudin ut, suscipit a, feugiat et, eros. Vestibulum ac est lacinia nisi venenatis tristique. Fusce congue, diam id ornare imperdiet, sapien urna pretium nisl, ut volutpat sapien arcu sed augue. Aliquam erat volutpat.');
insert into ideas (idea_id, event, content) values (701, 58, 'Morbi vestibulum, velit id pretium iaculis, diam erat fermentum justo, nec condimentum neque sapien placerat ante.');
insert into ideas (idea_id, event, content) values (702, 52, 'Donec posuere metus vitae ipsum.');
insert into ideas (idea_id, event, content) values (703, 55, 'Mauris sit amet eros. Suspendisse accumsan tortor quis turpis. Sed ante. Vivamus tortor.');
insert into ideas (idea_id, event, content) values (704, 99, 'Etiam faucibus cursus urna. Ut tellus. Nulla ut erat id mauris vulputate elementum. Nullam varius.');
insert into ideas (idea_id, event, content) values (705, 58, 'Fusce consequat.');
insert into ideas (idea_id, event, content) values (706, 50, 'Vestibulum ante ipsum primis in faucibus orci luctus et ultrices posuere cubilia Curae; Mauris viverra diam vitae quam.');
insert into ideas (idea_id, event, content) values (707, 99, 'Praesent id massa id nisl venenatis lacinia. Aenean sit amet justo. Morbi ut odio.');
insert into ideas (idea_id, event, content) values (708, 41, 'Sed vel enim sit amet nunc viverra dapibus. Nulla suscipit ligula in lacus.');
insert into ideas (idea_id, event, content) values (709, 73, 'Maecenas pulvinar lobortis est. Phasellus sit amet erat. Nulla tempus.');
insert into ideas (idea_id, event, content) values (710, 71, 'Nulla justo.');
insert into ideas (idea_id, event, content) values (711, 44, 'Maecenas rhoncus aliquam lacus. Morbi quis tortor id nulla ultrices aliquet.');
insert into ideas (idea_id, event, content) values (712, 73, 'Donec quis orci eget orci vehicula condimentum. Curabitur in libero ut massa volutpat convallis. Morbi odio odio, elementum eu, interdum eu, tincidunt in, leo. Maecenas pulvinar lobortis est.');
insert into ideas (idea_id, event, content) values (713, 9, 'Vivamus tortor. Duis mattis egestas metus. Aenean fermentum. Donec ut mauris eget massa tempor convallis. Nulla neque libero, convallis eget, eleifend luctus, ultricies eu, nibh.');
insert into ideas (idea_id, event, content) values (714, 53, 'Mauris enim leo, rhoncus sed, vestibulum sit amet, cursus id, turpis. Integer aliquet, massa id lobortis convallis, tortor risus dapibus augue, vel accumsan tellus nisi eu orci.');
insert into ideas (idea_id, event, content) values (715, 9, 'In hac habitasse platea dictumst. Aliquam augue quam, sollicitudin vitae, consectetuer eget, rutrum at, lorem.');
insert into ideas (idea_id, event, content) values (716, 15, 'Duis consequat dui nec nisi volutpat eleifend. Donec ut dolor. Morbi vel lectus in quam fringilla rhoncus.');
insert into ideas (idea_id, event, content) values (717, 74, 'Morbi ut odio. Cras mi pede, malesuada in, imperdiet et, commodo vulputate, justo. In blandit ultrices enim.');
insert into ideas (idea_id, event, content) values (718, 61, 'Nullam varius. Nulla facilisi. Cras non velit nec nisi vulputate nonummy. Maecenas tincidunt lacus at velit. Vivamus vel nulla eget eros elementum pellentesque.');
insert into ideas (idea_id, event, content) values (719, 13, 'Aenean sit amet justo. Morbi ut odio. Cras mi pede, malesuada in, imperdiet et, commodo vulputate, justo. In blandit ultrices enim.');
insert into ideas (idea_id, event, content) values (720, 46, 'Nam dui. Proin leo odio, porttitor id, consequat in, consequat ut, nulla. Sed accumsan felis. Ut at dolor quis odio consequat varius. Integer ac leo.');
insert into ideas (idea_id, event, content) values (721, 80, 'Donec quis orci eget orci vehicula condimentum. Curabitur in libero ut massa volutpat convallis. Morbi odio odio, elementum eu, interdum eu, tincidunt in, leo.');
insert into ideas (idea_id, event, content) values (722, 8, 'Integer aliquet, massa id lobortis convallis, tortor risus dapibus augue, vel accumsan tellus nisi eu orci.');
insert into ideas (idea_id, event, content) values (723, 100, 'Nam dui. Proin leo odio, porttitor id, consequat in, consequat ut, nulla.');
insert into ideas (idea_id, event, content) values (724, 74, 'Duis consequat dui nec nisi volutpat eleifend. Donec ut dolor. Morbi vel lectus in quam fringilla rhoncus.');
insert into ideas (idea_id, event, content) values (725, 28, 'Vivamus vel nulla eget eros elementum pellentesque. Quisque porta volutpat erat.');
insert into ideas (idea_id, event, content) values (726, 42, 'Donec quis orci eget orci vehicula condimentum.');
insert into ideas (idea_id, event, content) values (727, 89, 'Suspendisse potenti.');
insert into ideas (idea_id, event, content) values (728, 38, 'Lorem ipsum dolor sit amet, consectetuer adipiscing elit.');
insert into ideas (idea_id, event, content) values (729, 37, 'Etiam faucibus cursus urna. Ut tellus. Nulla ut erat id mauris vulputate elementum. Nullam varius. Nulla facilisi.');
insert into ideas (idea_id, event, content) values (730, 69, 'Donec semper sapien a libero. Nam dui.');
insert into ideas (idea_id, event, content) values (731, 63, 'Duis aliquam convallis nunc. Proin at turpis a pede posuere nonummy. Integer non velit.');
insert into ideas (idea_id, event, content) values (732, 68, 'Vivamus in felis eu sapien cursus vestibulum. Proin eu mi. Nulla ac enim.');
insert into ideas (idea_id, event, content) values (733, 90, 'Maecenas leo odio, condimentum id, luctus nec, molestie sed, justo. Pellentesque viverra pede ac diam. Cras pellentesque volutpat dui. Maecenas tristique, est et tempus semper, est quam pharetra magna, ac consequat metus sapien ut nunc.');
insert into ideas (idea_id, event, content) values (734, 44, 'Vestibulum ante ipsum primis in faucibus orci luctus et ultrices posuere cubilia Curae; Mauris viverra diam vitae quam. Suspendisse potenti.');
insert into ideas (idea_id, event, content) values (735, 97, 'Etiam justo. Etiam pretium iaculis justo. In hac habitasse platea dictumst. Etiam faucibus cursus urna. Ut tellus.');
insert into ideas (idea_id, event, content) values (736, 51, 'Cras pellentesque volutpat dui. Maecenas tristique, est et tempus semper, est quam pharetra magna, ac consequat metus sapien ut nunc. Vestibulum ante ipsum primis in faucibus orci luctus et ultrices posuere cubilia Curae; Mauris viverra diam vitae quam.');
insert into ideas (idea_id, event, content) values (737, 88, 'Curabitur gravida nisi at nibh. In hac habitasse platea dictumst. Aliquam augue quam, sollicitudin vitae, consectetuer eget, rutrum at, lorem.');
insert into ideas (idea_id, event, content) values (738, 5, 'Ut tellus. Nulla ut erat id mauris vulputate elementum. Nullam varius. Nulla facilisi. Cras non velit nec nisi vulputate nonummy.');
insert into ideas (idea_id, event, content) values (739, 62, 'In hac habitasse platea dictumst. Maecenas ut massa quis augue luctus tincidunt. Nulla mollis molestie lorem. Quisque ut erat. Curabitur gravida nisi at nibh.');
insert into ideas (idea_id, event, content) values (740, 24, 'Cum sociis natoque penatibus et magnis dis parturient montes, nascetur ridiculus mus. Etiam vel augue.');
insert into ideas (idea_id, event, content) values (741, 95, 'Vestibulum ante ipsum primis in faucibus orci luctus et ultrices posuere cubilia Curae; Duis faucibus accumsan odio. Curabitur convallis.');
insert into ideas (idea_id, event, content) values (742, 67, 'Suspendisse potenti. Nullam porttitor lacus at turpis.');
insert into ideas (idea_id, event, content) values (743, 42, 'Mauris enim leo, rhoncus sed, vestibulum sit amet, cursus id, turpis.');
insert into ideas (idea_id, event, content) values (744, 33, 'Nulla suscipit ligula in lacus. Curabitur at ipsum ac tellus semper interdum.');
insert into ideas (idea_id, event, content) values (745, 98, 'Donec semper sapien a libero. Nam dui.');
insert into ideas (idea_id, event, content) values (746, 96, 'In hac habitasse platea dictumst. Etiam faucibus cursus urna.');
insert into ideas (idea_id, event, content) values (747, 96, 'Donec vitae nisi.');
insert into ideas (idea_id, event, content) values (748, 64, 'Etiam pretium iaculis justo.');
insert into ideas (idea_id, event, content) values (749, 59, 'Lorem ipsum dolor sit amet, consectetuer adipiscing elit. Proin risus. Praesent lectus.');
insert into ideas (idea_id, event, content) values (750, 52, 'Mauris enim leo, rhoncus sed, vestibulum sit amet, cursus id, turpis. Integer aliquet, massa id lobortis convallis, tortor risus dapibus augue, vel accumsan tellus nisi eu orci.');
insert into ideas (idea_id, event, content) values (751, 100, 'In eleifend quam a odio.');
insert into ideas (idea_id, event, content) values (752, 18, 'Pellentesque viverra pede ac diam. Cras pellentesque volutpat dui.');
insert into ideas (idea_id, event, content) values (753, 26, 'Aenean auctor gravida sem. Praesent id massa id nisl venenatis lacinia. Aenean sit amet justo. Morbi ut odio.');
insert into ideas (idea_id, event, content) values (754, 35, 'Nulla ac enim.');
insert into ideas (idea_id, event, content) values (755, 55, 'Etiam justo. Etiam pretium iaculis justo. In hac habitasse platea dictumst.');
insert into ideas (idea_id, event, content) values (756, 53, 'Aenean auctor gravida sem. Praesent id massa id nisl venenatis lacinia.');
insert into ideas (idea_id, event, content) values (757, 82, 'Donec quis orci eget orci vehicula condimentum. Curabitur in libero ut massa volutpat convallis. Morbi odio odio, elementum eu, interdum eu, tincidunt in, leo. Maecenas pulvinar lobortis est.');
insert into ideas (idea_id, event, content) values (758, 85, 'Aliquam augue quam, sollicitudin vitae, consectetuer eget, rutrum at, lorem. Integer tincidunt ante vel ipsum.');
insert into ideas (idea_id, event, content) values (759, 39, 'Donec odio justo, sollicitudin ut, suscipit a, feugiat et, eros.');
insert into ideas (idea_id, event, content) values (760, 85, 'Nam ultrices, libero non mattis pulvinar, nulla pede ullamcorper augue, a suscipit nulla elit ac nulla. Sed vel enim sit amet nunc viverra dapibus.');
insert into ideas (idea_id, event, content) values (761, 60, 'Morbi ut odio. Cras mi pede, malesuada in, imperdiet et, commodo vulputate, justo.');
insert into ideas (idea_id, event, content) values (762, 48, 'Etiam vel augue.');
insert into ideas (idea_id, event, content) values (763, 70, 'Nulla ut erat id mauris vulputate elementum. Nullam varius. Nulla facilisi.');
insert into ideas (idea_id, event, content) values (764, 37, 'Duis at velit eu est congue elementum. In hac habitasse platea dictumst. Morbi vestibulum, velit id pretium iaculis, diam erat fermentum justo, nec condimentum neque sapien placerat ante. Nulla justo.');
insert into ideas (idea_id, event, content) values (765, 70, 'Proin leo odio, porttitor id, consequat in, consequat ut, nulla. Sed accumsan felis. Ut at dolor quis odio consequat varius. Integer ac leo.');
insert into ideas (idea_id, event, content) values (766, 13, 'Lorem ipsum dolor sit amet, consectetuer adipiscing elit. Proin risus. Praesent lectus. Vestibulum quam sapien, varius ut, blandit non, interdum in, ante. Vestibulum ante ipsum primis in faucibus orci luctus et ultrices posuere cubilia Curae; Duis faucibus accumsan odio.');
insert into ideas (idea_id, event, content) values (767, 70, 'Proin interdum mauris non ligula pellentesque ultrices. Phasellus id sapien in sapien iaculis congue. Vivamus metus arcu, adipiscing molestie, hendrerit at, vulputate vitae, nisl. Aenean lectus.');
insert into ideas (idea_id, event, content) values (768, 26, 'Nam congue, risus semper porta volutpat, quam pede lobortis ligula, sit amet eleifend pede libero quis orci. Nullam molestie nibh in lectus. Pellentesque at nulla. Suspendisse potenti.');
insert into ideas (idea_id, event, content) values (769, 34, 'Nam nulla.');
insert into ideas (idea_id, event, content) values (770, 95, 'Aenean auctor gravida sem. Praesent id massa id nisl venenatis lacinia. Aenean sit amet justo.');
insert into ideas (idea_id, event, content) values (771, 100, 'Praesent blandit. Nam nulla. Integer pede justo, lacinia eget, tincidunt eget, tempus vel, pede. Morbi porttitor lorem id ligula.');
insert into ideas (idea_id, event, content) values (772, 12, 'Morbi sem mauris, laoreet ut, rhoncus aliquet, pulvinar sed, nisl. Nunc rhoncus dui vel sem. Sed sagittis. Nam congue, risus semper porta volutpat, quam pede lobortis ligula, sit amet eleifend pede libero quis orci.');
insert into ideas (idea_id, event, content) values (773, 78, 'Duis mattis egestas metus. Aenean fermentum.');
insert into ideas (idea_id, event, content) values (774, 67, 'Donec semper sapien a libero. Nam dui.');
insert into ideas (idea_id, event, content) values (775, 3, 'Nunc nisl. Duis bibendum, felis sed interdum venenatis, turpis enim blandit mi, in porttitor pede justo eu massa. Donec dapibus. Duis at velit eu est congue elementum. In hac habitasse platea dictumst.');
insert into ideas (idea_id, event, content) values (776, 57, 'In congue. Etiam justo. Etiam pretium iaculis justo. In hac habitasse platea dictumst. Etiam faucibus cursus urna.');
insert into ideas (idea_id, event, content) values (777, 79, 'Quisque porta volutpat erat.');
insert into ideas (idea_id, event, content) values (778, 89, 'Praesent blandit. Nam nulla. Integer pede justo, lacinia eget, tincidunt eget, tempus vel, pede. Morbi porttitor lorem id ligula.');
insert into ideas (idea_id, event, content) values (779, 50, 'Morbi vel lectus in quam fringilla rhoncus. Mauris enim leo, rhoncus sed, vestibulum sit amet, cursus id, turpis.');
insert into ideas (idea_id, event, content) values (780, 78, 'Aenean lectus.');
insert into ideas (idea_id, event, content) values (781, 88, 'Donec diam neque, vestibulum eget, vulputate ut, ultrices vel, augue. Vestibulum ante ipsum primis in faucibus orci luctus et ultrices posuere cubilia Curae; Donec pharetra, magna vestibulum aliquet ultrices, erat tortor sollicitudin mi, sit amet lobortis sapien sapien non mi. Integer ac neque. Duis bibendum.');
insert into ideas (idea_id, event, content) values (782, 33, 'Nulla ac enim.');
insert into ideas (idea_id, event, content) values (783, 93, 'Vivamus vel nulla eget eros elementum pellentesque. Quisque porta volutpat erat. Quisque erat eros, viverra eget, congue eget, semper rutrum, nulla. Nunc purus.');
insert into ideas (idea_id, event, content) values (784, 37, 'Vivamus vestibulum sagittis sapien. Cum sociis natoque penatibus et magnis dis parturient montes, nascetur ridiculus mus.');
insert into ideas (idea_id, event, content) values (785, 91, 'Nam nulla. Integer pede justo, lacinia eget, tincidunt eget, tempus vel, pede. Morbi porttitor lorem id ligula.');
insert into ideas (idea_id, event, content) values (786, 20, 'Nam dui. Proin leo odio, porttitor id, consequat in, consequat ut, nulla. Sed accumsan felis.');
insert into ideas (idea_id, event, content) values (787, 1, 'Nulla tempus. Vivamus in felis eu sapien cursus vestibulum. Proin eu mi.');
insert into ideas (idea_id, event, content) values (788, 43, 'Morbi vestibulum, velit id pretium iaculis, diam erat fermentum justo, nec condimentum neque sapien placerat ante. Nulla justo. Aliquam quis turpis eget elit sodales scelerisque. Mauris sit amet eros. Suspendisse accumsan tortor quis turpis.');
insert into ideas (idea_id, event, content) values (789, 16, 'Nunc purus. Phasellus in felis. Donec semper sapien a libero.');
insert into ideas (idea_id, event, content) values (790, 83, 'Morbi a ipsum. Integer a nibh.');
insert into ideas (idea_id, event, content) values (791, 69, 'Proin leo odio, porttitor id, consequat in, consequat ut, nulla. Sed accumsan felis. Ut at dolor quis odio consequat varius. Integer ac leo. Pellentesque ultrices mattis odio.');
insert into ideas (idea_id, event, content) values (792, 90, 'Fusce posuere felis sed lacus. Morbi sem mauris, laoreet ut, rhoncus aliquet, pulvinar sed, nisl. Nunc rhoncus dui vel sem. Sed sagittis.');
insert into ideas (idea_id, event, content) values (793, 59, 'Proin leo odio, porttitor id, consequat in, consequat ut, nulla. Sed accumsan felis. Ut at dolor quis odio consequat varius. Integer ac leo. Pellentesque ultrices mattis odio.');
insert into ideas (idea_id, event, content) values (794, 42, 'Donec vitae nisi. Nam ultrices, libero non mattis pulvinar, nulla pede ullamcorper augue, a suscipit nulla elit ac nulla. Sed vel enim sit amet nunc viverra dapibus. Nulla suscipit ligula in lacus.');
insert into ideas (idea_id, event, content) values (795, 79, 'Donec ut dolor. Morbi vel lectus in quam fringilla rhoncus. Mauris enim leo, rhoncus sed, vestibulum sit amet, cursus id, turpis. Integer aliquet, massa id lobortis convallis, tortor risus dapibus augue, vel accumsan tellus nisi eu orci.');
insert into ideas (idea_id, event, content) values (796, 35, 'Fusce congue, diam id ornare imperdiet, sapien urna pretium nisl, ut volutpat sapien arcu sed augue. Aliquam erat volutpat. In congue. Etiam justo.');
insert into ideas (idea_id, event, content) values (797, 15, 'Proin interdum mauris non ligula pellentesque ultrices. Phasellus id sapien in sapien iaculis congue. Vivamus metus arcu, adipiscing molestie, hendrerit at, vulputate vitae, nisl. Aenean lectus.');
insert into ideas (idea_id, event, content) values (798, 1, 'In est risus, auctor sed, tristique in, tempus sit amet, sem. Fusce consequat. Nulla nisl. Nunc nisl.');
insert into ideas (idea_id, event, content) values (799, 51, 'Nunc purus. Phasellus in felis.');
insert into ideas (idea_id, event, content) values (800, 71, 'In quis justo. Maecenas rhoncus aliquam lacus. Morbi quis tortor id nulla ultrices aliquet. Maecenas leo odio, condimentum id, luctus nec, molestie sed, justo. Pellentesque viverra pede ac diam.');
insert into ideas (idea_id, event, content) values (801, 74, 'Morbi ut odio. Cras mi pede, malesuada in, imperdiet et, commodo vulputate, justo. In blandit ultrices enim. Lorem ipsum dolor sit amet, consectetuer adipiscing elit.');
insert into ideas (idea_id, event, content) values (802, 9, 'Suspendisse accumsan tortor quis turpis. Sed ante.');
insert into ideas (idea_id, event, content) values (803, 45, 'In hac habitasse platea dictumst. Aliquam augue quam, sollicitudin vitae, consectetuer eget, rutrum at, lorem. Integer tincidunt ante vel ipsum. Praesent blandit lacinia erat. Vestibulum sed magna at nunc commodo placerat.');
insert into ideas (idea_id, event, content) values (804, 40, 'Duis mattis egestas metus. Aenean fermentum. Donec ut mauris eget massa tempor convallis.');
insert into ideas (idea_id, event, content) values (805, 41, 'Morbi sem mauris, laoreet ut, rhoncus aliquet, pulvinar sed, nisl. Nunc rhoncus dui vel sem. Sed sagittis. Nam congue, risus semper porta volutpat, quam pede lobortis ligula, sit amet eleifend pede libero quis orci.');
insert into ideas (idea_id, event, content) values (806, 29, 'Integer a nibh. In quis justo.');
insert into ideas (idea_id, event, content) values (807, 73, 'Cras pellentesque volutpat dui. Maecenas tristique, est et tempus semper, est quam pharetra magna, ac consequat metus sapien ut nunc. Vestibulum ante ipsum primis in faucibus orci luctus et ultrices posuere cubilia Curae; Mauris viverra diam vitae quam. Suspendisse potenti. Nullam porttitor lacus at turpis.');
insert into ideas (idea_id, event, content) values (808, 90, 'Vivamus in felis eu sapien cursus vestibulum. Proin eu mi. Nulla ac enim. In tempor, turpis nec euismod scelerisque, quam turpis adipiscing lorem, vitae mattis nibh ligula nec sem.');
insert into ideas (idea_id, event, content) values (809, 49, 'In eleifend quam a odio. In hac habitasse platea dictumst. Maecenas ut massa quis augue luctus tincidunt. Nulla mollis molestie lorem. Quisque ut erat.');
insert into ideas (idea_id, event, content) values (810, 87, 'Praesent blandit lacinia erat. Vestibulum sed magna at nunc commodo placerat. Praesent blandit. Nam nulla. Integer pede justo, lacinia eget, tincidunt eget, tempus vel, pede.');
insert into ideas (idea_id, event, content) values (811, 67, 'Morbi quis tortor id nulla ultrices aliquet.');
insert into ideas (idea_id, event, content) values (812, 20, 'In hac habitasse platea dictumst.');
insert into ideas (idea_id, event, content) values (813, 99, 'Sed accumsan felis. Ut at dolor quis odio consequat varius. Integer ac leo. Pellentesque ultrices mattis odio. Donec vitae nisi.');
insert into ideas (idea_id, event, content) values (814, 76, 'Aliquam sit amet diam in magna bibendum imperdiet. Nullam orci pede, venenatis non, sodales sed, tincidunt eu, felis. Fusce posuere felis sed lacus.');
insert into ideas (idea_id, event, content) values (815, 39, 'In congue. Etiam justo. Etiam pretium iaculis justo. In hac habitasse platea dictumst.');
insert into ideas (idea_id, event, content) values (816, 34, 'Quisque ut erat. Curabitur gravida nisi at nibh. In hac habitasse platea dictumst. Aliquam augue quam, sollicitudin vitae, consectetuer eget, rutrum at, lorem.');
insert into ideas (idea_id, event, content) values (817, 46, 'Praesent blandit lacinia erat. Vestibulum sed magna at nunc commodo placerat. Praesent blandit.');
insert into ideas (idea_id, event, content) values (818, 39, 'Fusce consequat. Nulla nisl. Nunc nisl. Duis bibendum, felis sed interdum venenatis, turpis enim blandit mi, in porttitor pede justo eu massa. Donec dapibus.');
insert into ideas (idea_id, event, content) values (819, 52, 'Curabitur in libero ut massa volutpat convallis. Morbi odio odio, elementum eu, interdum eu, tincidunt in, leo.');
insert into ideas (idea_id, event, content) values (820, 79, 'Praesent blandit lacinia erat. Vestibulum sed magna at nunc commodo placerat. Praesent blandit. Nam nulla.');
insert into ideas (idea_id, event, content) values (821, 17, 'Lorem ipsum dolor sit amet, consectetuer adipiscing elit. Proin risus. Praesent lectus.');
insert into ideas (idea_id, event, content) values (822, 44, 'Pellentesque ultrices mattis odio. Donec vitae nisi.');
insert into ideas (idea_id, event, content) values (823, 59, 'Aliquam augue quam, sollicitudin vitae, consectetuer eget, rutrum at, lorem.');
insert into ideas (idea_id, event, content) values (824, 56, 'Nunc purus. Phasellus in felis. Donec semper sapien a libero. Nam dui.');
insert into ideas (idea_id, event, content) values (825, 56, 'Nulla nisl. Nunc nisl. Duis bibendum, felis sed interdum venenatis, turpis enim blandit mi, in porttitor pede justo eu massa. Donec dapibus.');
insert into ideas (idea_id, event, content) values (826, 44, 'Donec diam neque, vestibulum eget, vulputate ut, ultrices vel, augue. Vestibulum ante ipsum primis in faucibus orci luctus et ultrices posuere cubilia Curae; Donec pharetra, magna vestibulum aliquet ultrices, erat tortor sollicitudin mi, sit amet lobortis sapien sapien non mi. Integer ac neque.');
insert into ideas (idea_id, event, content) values (827, 83, 'Quisque porta volutpat erat.');
insert into ideas (idea_id, event, content) values (828, 78, 'Duis aliquam convallis nunc. Proin at turpis a pede posuere nonummy. Integer non velit.');
insert into ideas (idea_id, event, content) values (829, 1, 'Aenean fermentum. Donec ut mauris eget massa tempor convallis.');
insert into ideas (idea_id, event, content) values (830, 37, 'Etiam vel augue. Vestibulum rutrum rutrum neque. Aenean auctor gravida sem. Praesent id massa id nisl venenatis lacinia.');
insert into ideas (idea_id, event, content) values (831, 80, 'Aenean fermentum. Donec ut mauris eget massa tempor convallis. Nulla neque libero, convallis eget, eleifend luctus, ultricies eu, nibh. Quisque id justo sit amet sapien dignissim vestibulum. Vestibulum ante ipsum primis in faucibus orci luctus et ultrices posuere cubilia Curae; Nulla dapibus dolor vel est.');
insert into ideas (idea_id, event, content) values (832, 38, 'Fusce congue, diam id ornare imperdiet, sapien urna pretium nisl, ut volutpat sapien arcu sed augue.');
insert into ideas (idea_id, event, content) values (833, 9, 'Vestibulum quam sapien, varius ut, blandit non, interdum in, ante. Vestibulum ante ipsum primis in faucibus orci luctus et ultrices posuere cubilia Curae; Duis faucibus accumsan odio.');
insert into ideas (idea_id, event, content) values (834, 46, 'Suspendisse accumsan tortor quis turpis. Sed ante.');
insert into ideas (idea_id, event, content) values (835, 23, 'In tempor, turpis nec euismod scelerisque, quam turpis adipiscing lorem, vitae mattis nibh ligula nec sem. Duis aliquam convallis nunc. Proin at turpis a pede posuere nonummy. Integer non velit.');
insert into ideas (idea_id, event, content) values (836, 28, 'Morbi non lectus. Aliquam sit amet diam in magna bibendum imperdiet. Nullam orci pede, venenatis non, sodales sed, tincidunt eu, felis. Fusce posuere felis sed lacus. Morbi sem mauris, laoreet ut, rhoncus aliquet, pulvinar sed, nisl.');
insert into ideas (idea_id, event, content) values (837, 42, 'Duis consequat dui nec nisi volutpat eleifend. Donec ut dolor. Morbi vel lectus in quam fringilla rhoncus. Mauris enim leo, rhoncus sed, vestibulum sit amet, cursus id, turpis. Integer aliquet, massa id lobortis convallis, tortor risus dapibus augue, vel accumsan tellus nisi eu orci.');
insert into ideas (idea_id, event, content) values (838, 64, 'In tempor, turpis nec euismod scelerisque, quam turpis adipiscing lorem, vitae mattis nibh ligula nec sem. Duis aliquam convallis nunc. Proin at turpis a pede posuere nonummy. Integer non velit.');
insert into ideas (idea_id, event, content) values (839, 43, 'Nulla mollis molestie lorem.');
insert into ideas (idea_id, event, content) values (840, 84, 'Duis bibendum, felis sed interdum venenatis, turpis enim blandit mi, in porttitor pede justo eu massa.');
insert into ideas (idea_id, event, content) values (841, 74, 'Donec ut mauris eget massa tempor convallis. Nulla neque libero, convallis eget, eleifend luctus, ultricies eu, nibh.');
insert into ideas (idea_id, event, content) values (842, 7, 'Nulla suscipit ligula in lacus. Curabitur at ipsum ac tellus semper interdum. Mauris ullamcorper purus sit amet nulla.');
insert into ideas (idea_id, event, content) values (843, 11, 'Nulla nisl. Nunc nisl.');
insert into ideas (idea_id, event, content) values (844, 53, 'In blandit ultrices enim. Lorem ipsum dolor sit amet, consectetuer adipiscing elit. Proin interdum mauris non ligula pellentesque ultrices.');
insert into ideas (idea_id, event, content) values (845, 59, 'Integer ac leo. Pellentesque ultrices mattis odio. Donec vitae nisi.');
insert into ideas (idea_id, event, content) values (846, 15, 'Sed vel enim sit amet nunc viverra dapibus. Nulla suscipit ligula in lacus. Curabitur at ipsum ac tellus semper interdum. Mauris ullamcorper purus sit amet nulla. Quisque arcu libero, rutrum ac, lobortis vel, dapibus at, diam.');
insert into ideas (idea_id, event, content) values (847, 28, 'Aliquam erat volutpat. In congue. Etiam justo. Etiam pretium iaculis justo.');
insert into ideas (idea_id, event, content) values (848, 97, 'Sed ante. Vivamus tortor. Duis mattis egestas metus. Aenean fermentum. Donec ut mauris eget massa tempor convallis.');
insert into ideas (idea_id, event, content) values (849, 42, 'Integer non velit.');
insert into ideas (idea_id, event, content) values (850, 71, 'Praesent blandit. Nam nulla. Integer pede justo, lacinia eget, tincidunt eget, tempus vel, pede.');
insert into ideas (idea_id, event, content) values (851, 17, 'Praesent id massa id nisl venenatis lacinia. Aenean sit amet justo.');
insert into ideas (idea_id, event, content) values (852, 45, 'Vivamus tortor. Duis mattis egestas metus. Aenean fermentum. Donec ut mauris eget massa tempor convallis. Nulla neque libero, convallis eget, eleifend luctus, ultricies eu, nibh.');
insert into ideas (idea_id, event, content) values (853, 2, 'Vivamus tortor.');
insert into ideas (idea_id, event, content) values (854, 52, 'Vestibulum ante ipsum primis in faucibus orci luctus et ultrices posuere cubilia Curae; Duis faucibus accumsan odio. Curabitur convallis.');
insert into ideas (idea_id, event, content) values (855, 14, 'Duis mattis egestas metus. Aenean fermentum. Donec ut mauris eget massa tempor convallis.');
insert into ideas (idea_id, event, content) values (856, 84, 'Vestibulum ante ipsum primis in faucibus orci luctus et ultrices posuere cubilia Curae; Mauris viverra diam vitae quam.');
insert into ideas (idea_id, event, content) values (857, 17, 'Ut at dolor quis odio consequat varius. Integer ac leo. Pellentesque ultrices mattis odio. Donec vitae nisi. Nam ultrices, libero non mattis pulvinar, nulla pede ullamcorper augue, a suscipit nulla elit ac nulla.');
insert into ideas (idea_id, event, content) values (858, 5, 'Fusce lacus purus, aliquet at, feugiat non, pretium quis, lectus. Suspendisse potenti.');
insert into ideas (idea_id, event, content) values (859, 85, 'Aenean auctor gravida sem.');
insert into ideas (idea_id, event, content) values (860, 78, 'In quis justo. Maecenas rhoncus aliquam lacus.');
insert into ideas (idea_id, event, content) values (861, 43, 'Integer non velit. Donec diam neque, vestibulum eget, vulputate ut, ultrices vel, augue.');
insert into ideas (idea_id, event, content) values (862, 81, 'Nulla neque libero, convallis eget, eleifend luctus, ultricies eu, nibh. Quisque id justo sit amet sapien dignissim vestibulum. Vestibulum ante ipsum primis in faucibus orci luctus et ultrices posuere cubilia Curae; Nulla dapibus dolor vel est.');
insert into ideas (idea_id, event, content) values (863, 27, 'Mauris sit amet eros. Suspendisse accumsan tortor quis turpis.');
insert into ideas (idea_id, event, content) values (864, 64, 'In hac habitasse platea dictumst. Aliquam augue quam, sollicitudin vitae, consectetuer eget, rutrum at, lorem. Integer tincidunt ante vel ipsum.');
insert into ideas (idea_id, event, content) values (865, 51, 'Vivamus metus arcu, adipiscing molestie, hendrerit at, vulputate vitae, nisl. Aenean lectus. Pellentesque eget nunc.');
insert into ideas (idea_id, event, content) values (866, 18, 'Nulla tempus.');
insert into ideas (idea_id, event, content) values (867, 91, 'Morbi sem mauris, laoreet ut, rhoncus aliquet, pulvinar sed, nisl. Nunc rhoncus dui vel sem.');
insert into ideas (idea_id, event, content) values (868, 75, 'Morbi non lectus.');
insert into ideas (idea_id, event, content) values (869, 84, 'Vestibulum rutrum rutrum neque. Aenean auctor gravida sem. Praesent id massa id nisl venenatis lacinia.');
insert into ideas (idea_id, event, content) values (870, 35, 'Donec quis orci eget orci vehicula condimentum. Curabitur in libero ut massa volutpat convallis. Morbi odio odio, elementum eu, interdum eu, tincidunt in, leo. Maecenas pulvinar lobortis est. Phasellus sit amet erat.');
insert into ideas (idea_id, event, content) values (871, 61, 'In tempor, turpis nec euismod scelerisque, quam turpis adipiscing lorem, vitae mattis nibh ligula nec sem. Duis aliquam convallis nunc. Proin at turpis a pede posuere nonummy. Integer non velit.');
insert into ideas (idea_id, event, content) values (872, 63, 'Vestibulum ante ipsum primis in faucibus orci luctus et ultrices posuere cubilia Curae; Nulla dapibus dolor vel est. Donec odio justo, sollicitudin ut, suscipit a, feugiat et, eros. Vestibulum ac est lacinia nisi venenatis tristique.');
insert into ideas (idea_id, event, content) values (873, 51, 'Donec posuere metus vitae ipsum. Aliquam non mauris. Morbi non lectus. Aliquam sit amet diam in magna bibendum imperdiet. Nullam orci pede, venenatis non, sodales sed, tincidunt eu, felis.');
insert into ideas (idea_id, event, content) values (874, 40, 'Morbi non quam nec dui luctus rutrum. Nulla tellus.');
insert into ideas (idea_id, event, content) values (875, 31, 'Suspendisse accumsan tortor quis turpis.');
insert into ideas (idea_id, event, content) values (876, 83, 'Morbi sem mauris, laoreet ut, rhoncus aliquet, pulvinar sed, nisl. Nunc rhoncus dui vel sem. Sed sagittis. Nam congue, risus semper porta volutpat, quam pede lobortis ligula, sit amet eleifend pede libero quis orci.');
insert into ideas (idea_id, event, content) values (877, 41, 'Vivamus tortor. Duis mattis egestas metus. Aenean fermentum. Donec ut mauris eget massa tempor convallis. Nulla neque libero, convallis eget, eleifend luctus, ultricies eu, nibh.');
insert into ideas (idea_id, event, content) values (878, 7, 'Nunc rhoncus dui vel sem. Sed sagittis.');
insert into ideas (idea_id, event, content) values (879, 8, 'Fusce congue, diam id ornare imperdiet, sapien urna pretium nisl, ut volutpat sapien arcu sed augue.');
insert into ideas (idea_id, event, content) values (880, 61, 'Donec ut dolor. Morbi vel lectus in quam fringilla rhoncus. Mauris enim leo, rhoncus sed, vestibulum sit amet, cursus id, turpis. Integer aliquet, massa id lobortis convallis, tortor risus dapibus augue, vel accumsan tellus nisi eu orci.');
insert into ideas (idea_id, event, content) values (881, 17, 'Mauris enim leo, rhoncus sed, vestibulum sit amet, cursus id, turpis. Integer aliquet, massa id lobortis convallis, tortor risus dapibus augue, vel accumsan tellus nisi eu orci. Mauris lacinia sapien quis libero.');
insert into ideas (idea_id, event, content) values (882, 88, 'Donec quis orci eget orci vehicula condimentum. Curabitur in libero ut massa volutpat convallis. Morbi odio odio, elementum eu, interdum eu, tincidunt in, leo.');
insert into ideas (idea_id, event, content) values (883, 18, 'Vestibulum ante ipsum primis in faucibus orci luctus et ultrices posuere cubilia Curae; Nulla dapibus dolor vel est.');
insert into ideas (idea_id, event, content) values (884, 21, 'Cras non velit nec nisi vulputate nonummy. Maecenas tincidunt lacus at velit.');
insert into ideas (idea_id, event, content) values (885, 58, 'Quisque porta volutpat erat.');
insert into ideas (idea_id, event, content) values (886, 45, 'Praesent lectus. Vestibulum quam sapien, varius ut, blandit non, interdum in, ante.');
insert into ideas (idea_id, event, content) values (887, 85, 'Aenean auctor gravida sem. Praesent id massa id nisl venenatis lacinia. Aenean sit amet justo. Morbi ut odio. Cras mi pede, malesuada in, imperdiet et, commodo vulputate, justo.');
insert into ideas (idea_id, event, content) values (888, 27, 'In quis justo. Maecenas rhoncus aliquam lacus. Morbi quis tortor id nulla ultrices aliquet. Maecenas leo odio, condimentum id, luctus nec, molestie sed, justo.');
insert into ideas (idea_id, event, content) values (889, 54, 'Aliquam quis turpis eget elit sodales scelerisque. Mauris sit amet eros. Suspendisse accumsan tortor quis turpis.');
insert into ideas (idea_id, event, content) values (890, 51, 'Maecenas rhoncus aliquam lacus. Morbi quis tortor id nulla ultrices aliquet.');
insert into ideas (idea_id, event, content) values (891, 100, 'In tempor, turpis nec euismod scelerisque, quam turpis adipiscing lorem, vitae mattis nibh ligula nec sem. Duis aliquam convallis nunc.');
insert into ideas (idea_id, event, content) values (892, 34, 'Sed sagittis. Nam congue, risus semper porta volutpat, quam pede lobortis ligula, sit amet eleifend pede libero quis orci.');
insert into ideas (idea_id, event, content) values (893, 84, 'Integer tincidunt ante vel ipsum.');
insert into ideas (idea_id, event, content) values (894, 93, 'Suspendisse potenti. Cras in purus eu magna vulputate luctus. Cum sociis natoque penatibus et magnis dis parturient montes, nascetur ridiculus mus.');
insert into ideas (idea_id, event, content) values (895, 31, 'Maecenas tristique, est et tempus semper, est quam pharetra magna, ac consequat metus sapien ut nunc. Vestibulum ante ipsum primis in faucibus orci luctus et ultrices posuere cubilia Curae; Mauris viverra diam vitae quam. Suspendisse potenti. Nullam porttitor lacus at turpis. Donec posuere metus vitae ipsum.');
insert into ideas (idea_id, event, content) values (896, 88, 'Praesent blandit lacinia erat.');
insert into ideas (idea_id, event, content) values (897, 62, 'Vestibulum sed magna at nunc commodo placerat. Praesent blandit.');
insert into ideas (idea_id, event, content) values (898, 67, 'Donec posuere metus vitae ipsum. Aliquam non mauris.');
insert into ideas (idea_id, event, content) values (899, 95, 'Nulla ut erat id mauris vulputate elementum. Nullam varius. Nulla facilisi.');
insert into ideas (idea_id, event, content) values (900, 41, 'Duis bibendum. Morbi non quam nec dui luctus rutrum. Nulla tellus. In sagittis dui vel nisl.');
insert into ideas (idea_id, event, content) values (901, 28, 'Morbi odio odio, elementum eu, interdum eu, tincidunt in, leo. Maecenas pulvinar lobortis est. Phasellus sit amet erat. Nulla tempus.');
insert into ideas (idea_id, event, content) values (902, 56, 'Morbi sem mauris, laoreet ut, rhoncus aliquet, pulvinar sed, nisl.');
insert into ideas (idea_id, event, content) values (903, 93, 'Aliquam quis turpis eget elit sodales scelerisque. Mauris sit amet eros. Suspendisse accumsan tortor quis turpis.');
insert into ideas (idea_id, event, content) values (904, 56, 'Nulla mollis molestie lorem. Quisque ut erat. Curabitur gravida nisi at nibh. In hac habitasse platea dictumst. Aliquam augue quam, sollicitudin vitae, consectetuer eget, rutrum at, lorem.');
insert into ideas (idea_id, event, content) values (905, 10, 'Pellentesque at nulla. Suspendisse potenti.');
insert into ideas (idea_id, event, content) values (906, 22, 'Aenean auctor gravida sem. Praesent id massa id nisl venenatis lacinia.');
insert into ideas (idea_id, event, content) values (907, 70, 'Phasellus id sapien in sapien iaculis congue. Vivamus metus arcu, adipiscing molestie, hendrerit at, vulputate vitae, nisl. Aenean lectus. Pellentesque eget nunc. Donec quis orci eget orci vehicula condimentum.');
insert into ideas (idea_id, event, content) values (908, 87, 'Cras pellentesque volutpat dui. Maecenas tristique, est et tempus semper, est quam pharetra magna, ac consequat metus sapien ut nunc. Vestibulum ante ipsum primis in faucibus orci luctus et ultrices posuere cubilia Curae; Mauris viverra diam vitae quam.');
insert into ideas (idea_id, event, content) values (909, 76, 'Duis at velit eu est congue elementum. In hac habitasse platea dictumst. Morbi vestibulum, velit id pretium iaculis, diam erat fermentum justo, nec condimentum neque sapien placerat ante. Nulla justo.');
insert into ideas (idea_id, event, content) values (910, 21, 'Curabitur in libero ut massa volutpat convallis. Morbi odio odio, elementum eu, interdum eu, tincidunt in, leo. Maecenas pulvinar lobortis est.');
insert into ideas (idea_id, event, content) values (911, 11, 'Cum sociis natoque penatibus et magnis dis parturient montes, nascetur ridiculus mus. Vivamus vestibulum sagittis sapien. Cum sociis natoque penatibus et magnis dis parturient montes, nascetur ridiculus mus.');
insert into ideas (idea_id, event, content) values (912, 23, 'Nulla justo. Aliquam quis turpis eget elit sodales scelerisque.');
insert into ideas (idea_id, event, content) values (913, 36, 'Nullam orci pede, venenatis non, sodales sed, tincidunt eu, felis.');
insert into ideas (idea_id, event, content) values (914, 17, 'Cum sociis natoque penatibus et magnis dis parturient montes, nascetur ridiculus mus.');
insert into ideas (idea_id, event, content) values (915, 63, 'Mauris sit amet eros.');
insert into ideas (idea_id, event, content) values (916, 54, 'Morbi non quam nec dui luctus rutrum. Nulla tellus. In sagittis dui vel nisl. Duis ac nibh. Fusce lacus purus, aliquet at, feugiat non, pretium quis, lectus.');
insert into ideas (idea_id, event, content) values (917, 29, 'Maecenas tristique, est et tempus semper, est quam pharetra magna, ac consequat metus sapien ut nunc. Vestibulum ante ipsum primis in faucibus orci luctus et ultrices posuere cubilia Curae; Mauris viverra diam vitae quam. Suspendisse potenti. Nullam porttitor lacus at turpis. Donec posuere metus vitae ipsum.');
insert into ideas (idea_id, event, content) values (918, 40, 'Vestibulum rutrum rutrum neque. Aenean auctor gravida sem. Praesent id massa id nisl venenatis lacinia.');
insert into ideas (idea_id, event, content) values (919, 66, 'Integer ac leo. Pellentesque ultrices mattis odio. Donec vitae nisi. Nam ultrices, libero non mattis pulvinar, nulla pede ullamcorper augue, a suscipit nulla elit ac nulla. Sed vel enim sit amet nunc viverra dapibus.');
insert into ideas (idea_id, event, content) values (920, 80, 'Proin interdum mauris non ligula pellentesque ultrices. Phasellus id sapien in sapien iaculis congue.');
insert into ideas (idea_id, event, content) values (921, 32, 'Duis consequat dui nec nisi volutpat eleifend.');
insert into ideas (idea_id, event, content) values (922, 12, 'In hac habitasse platea dictumst. Aliquam augue quam, sollicitudin vitae, consectetuer eget, rutrum at, lorem. Integer tincidunt ante vel ipsum.');
insert into ideas (idea_id, event, content) values (923, 39, 'Lorem ipsum dolor sit amet, consectetuer adipiscing elit. Proin risus. Praesent lectus.');
insert into ideas (idea_id, event, content) values (924, 7, 'Nulla suscipit ligula in lacus. Curabitur at ipsum ac tellus semper interdum. Mauris ullamcorper purus sit amet nulla. Quisque arcu libero, rutrum ac, lobortis vel, dapibus at, diam. Nam tristique tortor eu pede.');
insert into ideas (idea_id, event, content) values (925, 27, 'Vivamus vestibulum sagittis sapien. Cum sociis natoque penatibus et magnis dis parturient montes, nascetur ridiculus mus. Etiam vel augue. Vestibulum rutrum rutrum neque. Aenean auctor gravida sem.');
insert into ideas (idea_id, event, content) values (926, 50, 'Curabitur at ipsum ac tellus semper interdum. Mauris ullamcorper purus sit amet nulla.');
insert into ideas (idea_id, event, content) values (927, 31, 'Vestibulum sed magna at nunc commodo placerat.');
insert into ideas (idea_id, event, content) values (928, 100, 'Etiam faucibus cursus urna. Ut tellus. Nulla ut erat id mauris vulputate elementum. Nullam varius.');
insert into ideas (idea_id, event, content) values (929, 60, 'Nullam porttitor lacus at turpis.');
insert into ideas (idea_id, event, content) values (930, 14, 'Morbi sem mauris, laoreet ut, rhoncus aliquet, pulvinar sed, nisl. Nunc rhoncus dui vel sem. Sed sagittis.');
insert into ideas (idea_id, event, content) values (931, 30, 'Proin leo odio, porttitor id, consequat in, consequat ut, nulla. Sed accumsan felis. Ut at dolor quis odio consequat varius. Integer ac leo. Pellentesque ultrices mattis odio.');
insert into ideas (idea_id, event, content) values (932, 83, 'Praesent lectus. Vestibulum quam sapien, varius ut, blandit non, interdum in, ante. Vestibulum ante ipsum primis in faucibus orci luctus et ultrices posuere cubilia Curae; Duis faucibus accumsan odio. Curabitur convallis. Duis consequat dui nec nisi volutpat eleifend.');
insert into ideas (idea_id, event, content) values (933, 16, 'Vivamus vestibulum sagittis sapien. Cum sociis natoque penatibus et magnis dis parturient montes, nascetur ridiculus mus. Etiam vel augue.');
insert into ideas (idea_id, event, content) values (934, 75, 'Duis ac nibh. Fusce lacus purus, aliquet at, feugiat non, pretium quis, lectus. Suspendisse potenti.');
insert into ideas (idea_id, event, content) values (935, 27, 'Cras in purus eu magna vulputate luctus. Cum sociis natoque penatibus et magnis dis parturient montes, nascetur ridiculus mus. Vivamus vestibulum sagittis sapien. Cum sociis natoque penatibus et magnis dis parturient montes, nascetur ridiculus mus.');
insert into ideas (idea_id, event, content) values (936, 43, 'Morbi vestibulum, velit id pretium iaculis, diam erat fermentum justo, nec condimentum neque sapien placerat ante. Nulla justo. Aliquam quis turpis eget elit sodales scelerisque. Mauris sit amet eros.');
insert into ideas (idea_id, event, content) values (937, 84, 'Nulla ac enim. In tempor, turpis nec euismod scelerisque, quam turpis adipiscing lorem, vitae mattis nibh ligula nec sem.');
insert into ideas (idea_id, event, content) values (938, 79, 'Integer pede justo, lacinia eget, tincidunt eget, tempus vel, pede. Morbi porttitor lorem id ligula. Suspendisse ornare consequat lectus. In est risus, auctor sed, tristique in, tempus sit amet, sem.');
insert into ideas (idea_id, event, content) values (939, 15, 'Praesent blandit lacinia erat. Vestibulum sed magna at nunc commodo placerat.');
insert into ideas (idea_id, event, content) values (940, 14, 'Duis ac nibh. Fusce lacus purus, aliquet at, feugiat non, pretium quis, lectus.');
insert into ideas (idea_id, event, content) values (941, 53, 'Cras pellentesque volutpat dui. Maecenas tristique, est et tempus semper, est quam pharetra magna, ac consequat metus sapien ut nunc. Vestibulum ante ipsum primis in faucibus orci luctus et ultrices posuere cubilia Curae; Mauris viverra diam vitae quam. Suspendisse potenti.');
insert into ideas (idea_id, event, content) values (942, 21, 'Aenean sit amet justo.');
insert into ideas (idea_id, event, content) values (943, 95, 'Curabitur gravida nisi at nibh. In hac habitasse platea dictumst. Aliquam augue quam, sollicitudin vitae, consectetuer eget, rutrum at, lorem. Integer tincidunt ante vel ipsum.');
insert into ideas (idea_id, event, content) values (944, 87, 'Maecenas pulvinar lobortis est. Phasellus sit amet erat. Nulla tempus. Vivamus in felis eu sapien cursus vestibulum.');
insert into ideas (idea_id, event, content) values (945, 24, 'Nulla tellus. In sagittis dui vel nisl. Duis ac nibh. Fusce lacus purus, aliquet at, feugiat non, pretium quis, lectus. Suspendisse potenti.');
insert into ideas (idea_id, event, content) values (946, 7, 'In est risus, auctor sed, tristique in, tempus sit amet, sem. Fusce consequat.');
insert into ideas (idea_id, event, content) values (947, 20, 'Donec odio justo, sollicitudin ut, suscipit a, feugiat et, eros. Vestibulum ac est lacinia nisi venenatis tristique. Fusce congue, diam id ornare imperdiet, sapien urna pretium nisl, ut volutpat sapien arcu sed augue.');
insert into ideas (idea_id, event, content) values (948, 97, 'Nullam sit amet turpis elementum ligula vehicula consequat. Morbi a ipsum. Integer a nibh. In quis justo.');
insert into ideas (idea_id, event, content) values (949, 5, 'Nulla ut erat id mauris vulputate elementum. Nullam varius. Nulla facilisi. Cras non velit nec nisi vulputate nonummy.');
insert into ideas (idea_id, event, content) values (950, 36, 'Aenean sit amet justo. Morbi ut odio.');
insert into ideas (idea_id, event, content) values (951, 70, 'Vestibulum quam sapien, varius ut, blandit non, interdum in, ante. Vestibulum ante ipsum primis in faucibus orci luctus et ultrices posuere cubilia Curae; Duis faucibus accumsan odio. Curabitur convallis.');
insert into ideas (idea_id, event, content) values (952, 51, 'Curabitur gravida nisi at nibh. In hac habitasse platea dictumst. Aliquam augue quam, sollicitudin vitae, consectetuer eget, rutrum at, lorem.');
insert into ideas (idea_id, event, content) values (953, 20, 'Suspendisse potenti. In eleifend quam a odio. In hac habitasse platea dictumst.');
insert into ideas (idea_id, event, content) values (954, 5, 'Donec ut dolor. Morbi vel lectus in quam fringilla rhoncus.');
insert into ideas (idea_id, event, content) values (955, 60, 'Aliquam sit amet diam in magna bibendum imperdiet. Nullam orci pede, venenatis non, sodales sed, tincidunt eu, felis. Fusce posuere felis sed lacus. Morbi sem mauris, laoreet ut, rhoncus aliquet, pulvinar sed, nisl. Nunc rhoncus dui vel sem.');
insert into ideas (idea_id, event, content) values (956, 28, 'Cras in purus eu magna vulputate luctus.');
insert into ideas (idea_id, event, content) values (957, 67, 'Quisque porta volutpat erat. Quisque erat eros, viverra eget, congue eget, semper rutrum, nulla. Nunc purus. Phasellus in felis.');
insert into ideas (idea_id, event, content) values (958, 83, 'Aliquam erat volutpat.');
insert into ideas (idea_id, event, content) values (959, 6, 'Suspendisse potenti. In eleifend quam a odio. In hac habitasse platea dictumst. Maecenas ut massa quis augue luctus tincidunt.');
insert into ideas (idea_id, event, content) values (960, 85, 'Morbi vel lectus in quam fringilla rhoncus. Mauris enim leo, rhoncus sed, vestibulum sit amet, cursus id, turpis.');
insert into ideas (idea_id, event, content) values (961, 48, 'Aenean sit amet justo. Morbi ut odio. Cras mi pede, malesuada in, imperdiet et, commodo vulputate, justo. In blandit ultrices enim.');
insert into ideas (idea_id, event, content) values (962, 78, 'Vestibulum ac est lacinia nisi venenatis tristique.');
insert into ideas (idea_id, event, content) values (963, 81, 'Nunc nisl. Duis bibendum, felis sed interdum venenatis, turpis enim blandit mi, in porttitor pede justo eu massa. Donec dapibus.');
insert into ideas (idea_id, event, content) values (964, 35, 'Aliquam erat volutpat. In congue.');
insert into ideas (idea_id, event, content) values (965, 21, 'Lorem ipsum dolor sit amet, consectetuer adipiscing elit. Proin interdum mauris non ligula pellentesque ultrices. Phasellus id sapien in sapien iaculis congue. Vivamus metus arcu, adipiscing molestie, hendrerit at, vulputate vitae, nisl. Aenean lectus.');
insert into ideas (idea_id, event, content) values (966, 46, 'Donec ut mauris eget massa tempor convallis.');
insert into ideas (idea_id, event, content) values (967, 36, 'Vivamus vel nulla eget eros elementum pellentesque. Quisque porta volutpat erat.');
insert into ideas (idea_id, event, content) values (968, 54, 'Lorem ipsum dolor sit amet, consectetuer adipiscing elit. Proin risus. Praesent lectus. Vestibulum quam sapien, varius ut, blandit non, interdum in, ante. Vestibulum ante ipsum primis in faucibus orci luctus et ultrices posuere cubilia Curae; Duis faucibus accumsan odio.');
insert into ideas (idea_id, event, content) values (969, 67, 'Mauris sit amet eros. Suspendisse accumsan tortor quis turpis. Sed ante.');
insert into ideas (idea_id, event, content) values (970, 15, 'Vestibulum ante ipsum primis in faucibus orci luctus et ultrices posuere cubilia Curae; Mauris viverra diam vitae quam.');
insert into ideas (idea_id, event, content) values (971, 18, 'Nulla ac enim. In tempor, turpis nec euismod scelerisque, quam turpis adipiscing lorem, vitae mattis nibh ligula nec sem. Duis aliquam convallis nunc. Proin at turpis a pede posuere nonummy. Integer non velit.');
insert into ideas (idea_id, event, content) values (972, 56, 'Suspendisse potenti. Nullam porttitor lacus at turpis.');
insert into ideas (idea_id, event, content) values (973, 38, 'Aliquam sit amet diam in magna bibendum imperdiet. Nullam orci pede, venenatis non, sodales sed, tincidunt eu, felis. Fusce posuere felis sed lacus.');
insert into ideas (idea_id, event, content) values (974, 85, 'Donec odio justo, sollicitudin ut, suscipit a, feugiat et, eros. Vestibulum ac est lacinia nisi venenatis tristique.');
insert into ideas (idea_id, event, content) values (975, 10, 'Nullam sit amet turpis elementum ligula vehicula consequat.');
insert into ideas (idea_id, event, content) values (976, 11, 'Proin eu mi. Nulla ac enim. In tempor, turpis nec euismod scelerisque, quam turpis adipiscing lorem, vitae mattis nibh ligula nec sem. Duis aliquam convallis nunc. Proin at turpis a pede posuere nonummy.');
insert into ideas (idea_id, event, content) values (977, 54, 'Aliquam erat volutpat. In congue. Etiam justo.');
insert into ideas (idea_id, event, content) values (978, 41, 'Praesent lectus. Vestibulum quam sapien, varius ut, blandit non, interdum in, ante.');
insert into ideas (idea_id, event, content) values (979, 13, 'Cras in purus eu magna vulputate luctus. Cum sociis natoque penatibus et magnis dis parturient montes, nascetur ridiculus mus. Vivamus vestibulum sagittis sapien. Cum sociis natoque penatibus et magnis dis parturient montes, nascetur ridiculus mus. Etiam vel augue.');
insert into ideas (idea_id, event, content) values (980, 89, 'Nam nulla. Integer pede justo, lacinia eget, tincidunt eget, tempus vel, pede. Morbi porttitor lorem id ligula. Suspendisse ornare consequat lectus. In est risus, auctor sed, tristique in, tempus sit amet, sem.');
insert into ideas (idea_id, event, content) values (981, 82, 'Nulla ac enim. In tempor, turpis nec euismod scelerisque, quam turpis adipiscing lorem, vitae mattis nibh ligula nec sem. Duis aliquam convallis nunc. Proin at turpis a pede posuere nonummy. Integer non velit.');
insert into ideas (idea_id, event, content) values (982, 43, 'Nulla nisl. Nunc nisl. Duis bibendum, felis sed interdum venenatis, turpis enim blandit mi, in porttitor pede justo eu massa.');
insert into ideas (idea_id, event, content) values (983, 67, 'Quisque ut erat.');
insert into ideas (idea_id, event, content) values (984, 10, 'Maecenas rhoncus aliquam lacus. Morbi quis tortor id nulla ultrices aliquet.');
insert into ideas (idea_id, event, content) values (985, 23, 'Sed accumsan felis. Ut at dolor quis odio consequat varius. Integer ac leo.');
insert into ideas (idea_id, event, content) values (986, 80, 'Curabitur in libero ut massa volutpat convallis. Morbi odio odio, elementum eu, interdum eu, tincidunt in, leo.');
insert into ideas (idea_id, event, content) values (987, 35, 'Vestibulum rutrum rutrum neque. Aenean auctor gravida sem. Praesent id massa id nisl venenatis lacinia.');
insert into ideas (idea_id, event, content) values (988, 30, 'Sed ante. Vivamus tortor. Duis mattis egestas metus. Aenean fermentum.');
insert into ideas (idea_id, event, content) values (989, 65, 'Nullam varius. Nulla facilisi. Cras non velit nec nisi vulputate nonummy. Maecenas tincidunt lacus at velit.');
insert into ideas (idea_id, event, content) values (990, 65, 'Nulla facilisi. Cras non velit nec nisi vulputate nonummy.');
insert into ideas (idea_id, event, content) values (991, 28, 'Sed sagittis. Nam congue, risus semper porta volutpat, quam pede lobortis ligula, sit amet eleifend pede libero quis orci.');
insert into ideas (idea_id, event, content) values (992, 49, 'Donec quis orci eget orci vehicula condimentum. Curabitur in libero ut massa volutpat convallis. Morbi odio odio, elementum eu, interdum eu, tincidunt in, leo.');
insert into ideas (idea_id, event, content) values (993, 97, 'Donec quis orci eget orci vehicula condimentum.');
insert into ideas (idea_id, event, content) values (994, 69, 'Etiam faucibus cursus urna.');
insert into ideas (idea_id, event, content) values (995, 7, 'Cum sociis natoque penatibus et magnis dis parturient montes, nascetur ridiculus mus. Vivamus vestibulum sagittis sapien. Cum sociis natoque penatibus et magnis dis parturient montes, nascetur ridiculus mus.');
insert into ideas (idea_id, event, content) values (996, 71, 'Donec vitae nisi. Nam ultrices, libero non mattis pulvinar, nulla pede ullamcorper augue, a suscipit nulla elit ac nulla. Sed vel enim sit amet nunc viverra dapibus.');
insert into ideas (idea_id, event, content) values (997, 98, 'Nullam sit amet turpis elementum ligula vehicula consequat. Morbi a ipsum.');
insert into ideas (idea_id, event, content) values (998, 96, 'Duis bibendum, felis sed interdum venenatis, turpis enim blandit mi, in porttitor pede justo eu massa. Donec dapibus. Duis at velit eu est congue elementum. In hac habitasse platea dictumst. Morbi vestibulum, velit id pretium iaculis, diam erat fermentum justo, nec condimentum neque sapien placerat ante.');
insert into ideas (idea_id, event, content) values (999, 21, 'Donec diam neque, vestibulum eget, vulputate ut, ultrices vel, augue. Vestibulum ante ipsum primis in faucibus orci luctus et ultrices posuere cubilia Curae; Donec pharetra, magna vestibulum aliquet ultrices, erat tortor sollicitudin mi, sit amet lobortis sapien sapien non mi. Integer ac neque. Duis bibendum.');
insert into ideas (idea_id, event, content) values (1000, 47, 'Integer aliquet, massa id lobortis convallis, tortor risus dapibus augue, vel accumsan tellus nisi eu orci. Mauris lacinia sapien quis libero. Nullam sit amet turpis elementum ligula vehicula consequat.');

insert into comments (comment_id, idea, content) values (1, 842, 'Phasellus id sapien in sapien iaculis congue.');
insert into comments (comment_id, idea, content) values (2, 1000, 'Cum sociis natoque penatibus et magnis dis parturient montes, nascetur ridiculus mus.');
insert into comments (comment_id, idea, content) values (3, 81, 'Duis mattis egestas metus.');
insert into comments (comment_id, idea, content) values (4, 754, 'Mauris sit amet eros.');
insert into comments (comment_id, idea, content) values (5, 459, 'Etiam vel augue.');
insert into comments (comment_id, idea, content) values (6, 649, 'Cum sociis natoque penatibus et magnis dis parturient montes, nascetur ridiculus mus.');
insert into comments (comment_id, idea, content) values (7, 788, 'Etiam faucibus cursus urna.');
insert into comments (comment_id, idea, content) values (8, 602, 'In sagittis dui vel nisl.');
insert into comments (comment_id, idea, content) values (9, 193, 'Duis aliquam convallis nunc.');
insert into comments (comment_id, idea, content) values (10, 490, 'Duis ac nibh.');
insert into comments (comment_id, idea, content) values (11, 202, 'Nullam orci pede, venenatis non, sodales sed, tincidunt eu, felis.');
insert into comments (comment_id, idea, content) values (12, 573, 'Proin interdum mauris non ligula pellentesque ultrices.');
insert into comments (comment_id, idea, content) values (13, 750, 'Ut tellus.');
insert into comments (comment_id, idea, content) values (14, 838, 'Suspendisse potenti.');
insert into comments (comment_id, idea, content) values (15, 787, 'Donec quis orci eget orci vehicula condimentum.');
insert into comments (comment_id, idea, content) values (16, 627, 'Fusce posuere felis sed lacus.');
insert into comments (comment_id, idea, content) values (17, 361, 'Maecenas rhoncus aliquam lacus.');
insert into comments (comment_id, idea, content) values (18, 445, 'Suspendisse potenti.');
insert into comments (comment_id, idea, content) values (19, 452, 'Donec quis orci eget orci vehicula condimentum.');
insert into comments (comment_id, idea, content) values (20, 985, 'Maecenas leo odio, condimentum id, luctus nec, molestie sed, justo.');
insert into comments (comment_id, idea, content) values (21, 612, 'Sed accumsan felis.');
insert into comments (comment_id, idea, content) values (22, 458, 'Cras in purus eu magna vulputate luctus.');
insert into comments (comment_id, idea, content) values (23, 442, 'Morbi a ipsum.');
insert into comments (comment_id, idea, content) values (24, 947, 'Sed sagittis.');
insert into comments (comment_id, idea, content) values (25, 455, 'Morbi vel lectus in quam fringilla rhoncus.');
insert into comments (comment_id, idea, content) values (26, 973, 'Maecenas ut massa quis augue luctus tincidunt.');
insert into comments (comment_id, idea, content) values (27, 622, 'Proin eu mi.');
insert into comments (comment_id, idea, content) values (28, 55, 'Suspendisse potenti.');
insert into comments (comment_id, idea, content) values (29, 316, 'Vestibulum ac est lacinia nisi venenatis tristique.');
insert into comments (comment_id, idea, content) values (30, 47, 'Proin leo odio, porttitor id, consequat in, consequat ut, nulla.');
insert into comments (comment_id, idea, content) values (31, 716, 'Aenean sit amet justo.');
insert into comments (comment_id, idea, content) values (32, 214, 'Nam nulla.');
insert into comments (comment_id, idea, content) values (33, 178, 'Aliquam augue quam, sollicitudin vitae, consectetuer eget, rutrum at, lorem.');
insert into comments (comment_id, idea, content) values (34, 871, 'Curabitur gravida nisi at nibh.');
insert into comments (comment_id, idea, content) values (35, 424, 'Integer tincidunt ante vel ipsum.');
insert into comments (comment_id, idea, content) values (36, 513, 'Vestibulum sed magna at nunc commodo placerat.');
insert into comments (comment_id, idea, content) values (37, 479, 'Maecenas ut massa quis augue luctus tincidunt.');
insert into comments (comment_id, idea, content) values (38, 919, 'Sed accumsan felis.');
insert into comments (comment_id, idea, content) values (39, 65, 'Nam dui.');
insert into comments (comment_id, idea, content) values (40, 911, 'Nulla suscipit ligula in lacus.');
insert into comments (comment_id, idea, content) values (41, 715, 'Nam nulla.');
insert into comments (comment_id, idea, content) values (42, 104, 'Donec semper sapien a libero.');
insert into comments (comment_id, idea, content) values (43, 207, 'Nulla nisl.');
insert into comments (comment_id, idea, content) values (44, 848, 'Etiam pretium iaculis justo.');
insert into comments (comment_id, idea, content) values (45, 549, 'Phasellus id sapien in sapien iaculis congue.');
insert into comments (comment_id, idea, content) values (46, 718, 'Etiam justo.');
insert into comments (comment_id, idea, content) values (47, 128, 'Aliquam sit amet diam in magna bibendum imperdiet.');
insert into comments (comment_id, idea, content) values (48, 558, 'Vestibulum ante ipsum primis in faucibus orci luctus et ultrices posuere cubilia Curae; Nulla dapibus dolor vel est.');
insert into comments (comment_id, idea, content) values (49, 438, 'Aliquam erat volutpat.');
insert into comments (comment_id, idea, content) values (50, 526, 'Donec posuere metus vitae ipsum.');
insert into comments (comment_id, idea, content) values (51, 801, 'Ut at dolor quis odio consequat varius.');
insert into comments (comment_id, idea, content) values (52, 925, 'Proin eu mi.');
insert into comments (comment_id, idea, content) values (53, 939, 'Vivamus tortor.');
insert into comments (comment_id, idea, content) values (54, 199, 'Vestibulum ante ipsum primis in faucibus orci luctus et ultrices posuere cubilia Curae; Mauris viverra diam vitae quam.');
insert into comments (comment_id, idea, content) values (55, 613, 'In congue.');
insert into comments (comment_id, idea, content) values (56, 432, 'Cras non velit nec nisi vulputate nonummy.');
insert into comments (comment_id, idea, content) values (57, 631, 'Morbi odio odio, elementum eu, interdum eu, tincidunt in, leo.');
insert into comments (comment_id, idea, content) values (58, 482, 'Morbi odio odio, elementum eu, interdum eu, tincidunt in, leo.');
insert into comments (comment_id, idea, content) values (59, 596, 'Morbi non lectus.');
insert into comments (comment_id, idea, content) values (60, 887, 'Integer pede justo, lacinia eget, tincidunt eget, tempus vel, pede.');
insert into comments (comment_id, idea, content) values (61, 527, 'Donec odio justo, sollicitudin ut, suscipit a, feugiat et, eros.');
insert into comments (comment_id, idea, content) values (62, 518, 'Vivamus tortor.');
insert into comments (comment_id, idea, content) values (63, 160, 'Nam dui.');
insert into comments (comment_id, idea, content) values (64, 190, 'Mauris enim leo, rhoncus sed, vestibulum sit amet, cursus id, turpis.');
insert into comments (comment_id, idea, content) values (65, 225, 'In est risus, auctor sed, tristique in, tempus sit amet, sem.');
insert into comments (comment_id, idea, content) values (66, 870, 'Aenean lectus.');
insert into comments (comment_id, idea, content) values (67, 712, 'Nunc purus.');
insert into comments (comment_id, idea, content) values (68, 381, 'Nulla justo.');
insert into comments (comment_id, idea, content) values (69, 678, 'Ut at dolor quis odio consequat varius.');
insert into comments (comment_id, idea, content) values (70, 981, 'In hac habitasse platea dictumst.');
insert into comments (comment_id, idea, content) values (71, 74, 'Vestibulum quam sapien, varius ut, blandit non, interdum in, ante.');
insert into comments (comment_id, idea, content) values (72, 139, 'Morbi ut odio.');
insert into comments (comment_id, idea, content) values (73, 533, 'Etiam justo.');
insert into comments (comment_id, idea, content) values (74, 711, 'Vestibulum quam sapien, varius ut, blandit non, interdum in, ante.');
insert into comments (comment_id, idea, content) values (75, 526, 'Morbi odio odio, elementum eu, interdum eu, tincidunt in, leo.');
insert into comments (comment_id, idea, content) values (76, 180, 'Morbi ut odio.');
insert into comments (comment_id, idea, content) values (77, 332, 'Integer pede justo, lacinia eget, tincidunt eget, tempus vel, pede.');
insert into comments (comment_id, idea, content) values (78, 548, 'Integer aliquet, massa id lobortis convallis, tortor risus dapibus augue, vel accumsan tellus nisi eu orci.');
insert into comments (comment_id, idea, content) values (79, 421, 'Duis ac nibh.');
insert into comments (comment_id, idea, content) values (80, 576, 'Praesent id massa id nisl venenatis lacinia.');
insert into comments (comment_id, idea, content) values (81, 861, 'Morbi vestibulum, velit id pretium iaculis, diam erat fermentum justo, nec condimentum neque sapien placerat ante.');
insert into comments (comment_id, idea, content) values (82, 648, 'Duis aliquam convallis nunc.');
insert into comments (comment_id, idea, content) values (83, 730, 'Etiam vel augue.');
insert into comments (comment_id, idea, content) values (84, 789, 'Nam congue, risus semper porta volutpat, quam pede lobortis ligula, sit amet eleifend pede libero quis orci.');
insert into comments (comment_id, idea, content) values (85, 554, 'Suspendisse ornare consequat lectus.');
insert into comments (comment_id, idea, content) values (86, 625, 'Morbi non lectus.');
insert into comments (comment_id, idea, content) values (87, 50, 'Praesent lectus.');
insert into comments (comment_id, idea, content) values (88, 465, 'Integer tincidunt ante vel ipsum.');
insert into comments (comment_id, idea, content) values (89, 448, 'Cum sociis natoque penatibus et magnis dis parturient montes, nascetur ridiculus mus.');
insert into comments (comment_id, idea, content) values (90, 816, 'Cras pellentesque volutpat dui.');
insert into comments (comment_id, idea, content) values (91, 185, 'Integer tincidunt ante vel ipsum.');
insert into comments (comment_id, idea, content) values (92, 159, 'Proin leo odio, porttitor id, consequat in, consequat ut, nulla.');
insert into comments (comment_id, idea, content) values (93, 920, 'Duis ac nibh.');
insert into comments (comment_id, idea, content) values (94, 421, 'Vivamus vel nulla eget eros elementum pellentesque.');
insert into comments (comment_id, idea, content) values (95, 490, 'Aliquam erat volutpat.');
insert into comments (comment_id, idea, content) values (96, 978, 'Etiam faucibus cursus urna.');
insert into comments (comment_id, idea, content) values (97, 243, 'In blandit ultrices enim.');
insert into comments (comment_id, idea, content) values (98, 93, 'Maecenas ut massa quis augue luctus tincidunt.');
insert into comments (comment_id, idea, content) values (99, 254, 'Curabitur convallis.');
insert into comments (comment_id, idea, content) values (100, 27, 'In hac habitasse platea dictumst.');
insert into comments (comment_id, idea, content) values (101, 357, 'Nam congue, risus semper porta volutpat, quam pede lobortis ligula, sit amet eleifend pede libero quis orci.');
insert into comments (comment_id, idea, content) values (102, 390, 'Duis mattis egestas metus.');
insert into comments (comment_id, idea, content) values (103, 98, 'Cum sociis natoque penatibus et magnis dis parturient montes, nascetur ridiculus mus.');
insert into comments (comment_id, idea, content) values (104, 249, 'Cras non velit nec nisi vulputate nonummy.');
insert into comments (comment_id, idea, content) values (105, 415, 'Fusce lacus purus, aliquet at, feugiat non, pretium quis, lectus.');
insert into comments (comment_id, idea, content) values (106, 405, 'Mauris enim leo, rhoncus sed, vestibulum sit amet, cursus id, turpis.');
insert into comments (comment_id, idea, content) values (107, 153, 'Praesent lectus.');
insert into comments (comment_id, idea, content) values (108, 368, 'Nullam orci pede, venenatis non, sodales sed, tincidunt eu, felis.');
insert into comments (comment_id, idea, content) values (109, 221, 'Sed vel enim sit amet nunc viverra dapibus.');
insert into comments (comment_id, idea, content) values (110, 680, 'Quisque ut erat.');
insert into comments (comment_id, idea, content) values (111, 135, 'Proin risus.');
insert into comments (comment_id, idea, content) values (112, 908, 'Nulla tempus.');
insert into comments (comment_id, idea, content) values (113, 282, 'Vestibulum rutrum rutrum neque.');
insert into comments (comment_id, idea, content) values (114, 204, 'Nulla nisl.');
insert into comments (comment_id, idea, content) values (115, 559, 'Donec ut dolor.');
insert into comments (comment_id, idea, content) values (116, 396, 'Aenean lectus.');
insert into comments (comment_id, idea, content) values (117, 713, 'Phasellus in felis.');
insert into comments (comment_id, idea, content) values (118, 82, 'Aliquam augue quam, sollicitudin vitae, consectetuer eget, rutrum at, lorem.');
insert into comments (comment_id, idea, content) values (119, 290, 'Morbi odio odio, elementum eu, interdum eu, tincidunt in, leo.');
insert into comments (comment_id, idea, content) values (120, 110, 'Quisque id justo sit amet sapien dignissim vestibulum.');
insert into comments (comment_id, idea, content) values (121, 994, 'Integer aliquet, massa id lobortis convallis, tortor risus dapibus augue, vel accumsan tellus nisi eu orci.');
insert into comments (comment_id, idea, content) values (122, 224, 'Morbi a ipsum.');
insert into comments (comment_id, idea, content) values (123, 140, 'Proin leo odio, porttitor id, consequat in, consequat ut, nulla.');
insert into comments (comment_id, idea, content) values (124, 270, 'Proin interdum mauris non ligula pellentesque ultrices.');
insert into comments (comment_id, idea, content) values (125, 805, 'Nulla justo.');
insert into comments (comment_id, idea, content) values (126, 520, 'Fusce consequat.');
insert into comments (comment_id, idea, content) values (127, 658, 'Vivamus metus arcu, adipiscing molestie, hendrerit at, vulputate vitae, nisl.');
insert into comments (comment_id, idea, content) values (128, 947, 'Nam nulla.');
insert into comments (comment_id, idea, content) values (129, 405, 'Sed sagittis.');
insert into comments (comment_id, idea, content) values (130, 91, 'Aenean fermentum.');
insert into comments (comment_id, idea, content) values (131, 949, 'Nam tristique tortor eu pede.');
insert into comments (comment_id, idea, content) values (132, 482, 'Donec quis orci eget orci vehicula condimentum.');
insert into comments (comment_id, idea, content) values (133, 673, 'Suspendisse ornare consequat lectus.');
insert into comments (comment_id, idea, content) values (134, 275, 'Morbi a ipsum.');
insert into comments (comment_id, idea, content) values (135, 751, 'Fusce consequat.');
insert into comments (comment_id, idea, content) values (136, 5, 'Pellentesque eget nunc.');
insert into comments (comment_id, idea, content) values (137, 173, 'Morbi ut odio.');
insert into comments (comment_id, idea, content) values (138, 1000, 'Nunc purus.');
insert into comments (comment_id, idea, content) values (139, 486, 'Mauris enim leo, rhoncus sed, vestibulum sit amet, cursus id, turpis.');
insert into comments (comment_id, idea, content) values (140, 913, 'Praesent lectus.');
insert into comments (comment_id, idea, content) values (141, 913, 'Nam ultrices, libero non mattis pulvinar, nulla pede ullamcorper augue, a suscipit nulla elit ac nulla.');
insert into comments (comment_id, idea, content) values (142, 87, 'Morbi vestibulum, velit id pretium iaculis, diam erat fermentum justo, nec condimentum neque sapien placerat ante.');
insert into comments (comment_id, idea, content) values (143, 31, 'Nullam varius.');
insert into comments (comment_id, idea, content) values (144, 222, 'Curabitur at ipsum ac tellus semper interdum.');
insert into comments (comment_id, idea, content) values (145, 367, 'Nulla justo.');
insert into comments (comment_id, idea, content) values (146, 819, 'Vestibulum ante ipsum primis in faucibus orci luctus et ultrices posuere cubilia Curae; Mauris viverra diam vitae quam.');
insert into comments (comment_id, idea, content) values (147, 768, 'Cum sociis natoque penatibus et magnis dis parturient montes, nascetur ridiculus mus.');
insert into comments (comment_id, idea, content) values (148, 361, 'Nunc purus.');
insert into comments (comment_id, idea, content) values (149, 404, 'Duis at velit eu est congue elementum.');
insert into comments (comment_id, idea, content) values (150, 862, 'Aliquam quis turpis eget elit sodales scelerisque.');
insert into comments (comment_id, idea, content) values (151, 532, 'Phasellus in felis.');
insert into comments (comment_id, idea, content) values (152, 135, 'Nunc nisl.');
insert into comments (comment_id, idea, content) values (153, 408, 'Fusce lacus purus, aliquet at, feugiat non, pretium quis, lectus.');
insert into comments (comment_id, idea, content) values (154, 906, 'Fusce congue, diam id ornare imperdiet, sapien urna pretium nisl, ut volutpat sapien arcu sed augue.');
insert into comments (comment_id, idea, content) values (155, 838, 'Cras pellentesque volutpat dui.');
insert into comments (comment_id, idea, content) values (156, 42, 'Praesent id massa id nisl venenatis lacinia.');
insert into comments (comment_id, idea, content) values (157, 218, 'Integer ac neque.');
insert into comments (comment_id, idea, content) values (158, 233, 'Cras pellentesque volutpat dui.');
insert into comments (comment_id, idea, content) values (159, 782, 'In sagittis dui vel nisl.');
insert into comments (comment_id, idea, content) values (160, 428, 'Duis bibendum.');
insert into comments (comment_id, idea, content) values (161, 963, 'Nulla facilisi.');
insert into comments (comment_id, idea, content) values (162, 173, 'Nullam sit amet turpis elementum ligula vehicula consequat.');
insert into comments (comment_id, idea, content) values (163, 300, 'Lorem ipsum dolor sit amet, consectetuer adipiscing elit.');
insert into comments (comment_id, idea, content) values (164, 911, 'Vivamus tortor.');
insert into comments (comment_id, idea, content) values (165, 993, 'Curabitur convallis.');
insert into comments (comment_id, idea, content) values (166, 507, 'Nam congue, risus semper porta volutpat, quam pede lobortis ligula, sit amet eleifend pede libero quis orci.');
insert into comments (comment_id, idea, content) values (167, 649, 'Duis ac nibh.');
insert into comments (comment_id, idea, content) values (168, 760, 'Integer aliquet, massa id lobortis convallis, tortor risus dapibus augue, vel accumsan tellus nisi eu orci.');
insert into comments (comment_id, idea, content) values (169, 607, 'Vivamus metus arcu, adipiscing molestie, hendrerit at, vulputate vitae, nisl.');
insert into comments (comment_id, idea, content) values (170, 905, 'Praesent id massa id nisl venenatis lacinia.');
insert into comments (comment_id, idea, content) values (171, 134, 'Proin risus.');
insert into comments (comment_id, idea, content) values (172, 331, 'Nunc rhoncus dui vel sem.');
insert into comments (comment_id, idea, content) values (173, 751, 'Suspendisse potenti.');
insert into comments (comment_id, idea, content) values (174, 338, 'Vestibulum quam sapien, varius ut, blandit non, interdum in, ante.');
insert into comments (comment_id, idea, content) values (175, 505, 'Aenean auctor gravida sem.');
insert into comments (comment_id, idea, content) values (176, 478, 'Morbi a ipsum.');
insert into comments (comment_id, idea, content) values (177, 6, 'Integer a nibh.');
insert into comments (comment_id, idea, content) values (178, 656, 'Maecenas pulvinar lobortis est.');
insert into comments (comment_id, idea, content) values (179, 741, 'Vivamus metus arcu, adipiscing molestie, hendrerit at, vulputate vitae, nisl.');
insert into comments (comment_id, idea, content) values (180, 149, 'Nulla tempus.');
insert into comments (comment_id, idea, content) values (181, 314, 'Nullam orci pede, venenatis non, sodales sed, tincidunt eu, felis.');
insert into comments (comment_id, idea, content) values (182, 273, 'Pellentesque at nulla.');
insert into comments (comment_id, idea, content) values (183, 895, 'Duis bibendum, felis sed interdum venenatis, turpis enim blandit mi, in porttitor pede justo eu massa.');
insert into comments (comment_id, idea, content) values (184, 817, 'Donec vitae nisi.');
insert into comments (comment_id, idea, content) values (185, 448, 'Morbi porttitor lorem id ligula.');
insert into comments (comment_id, idea, content) values (186, 467, 'Aenean auctor gravida sem.');
insert into comments (comment_id, idea, content) values (187, 961, 'Pellentesque eget nunc.');
insert into comments (comment_id, idea, content) values (188, 515, 'Vestibulum ante ipsum primis in faucibus orci luctus et ultrices posuere cubilia Curae; Nulla dapibus dolor vel est.');
insert into comments (comment_id, idea, content) values (189, 8, 'Nulla nisl.');
insert into comments (comment_id, idea, content) values (190, 793, 'In eleifend quam a odio.');
insert into comments (comment_id, idea, content) values (191, 201, 'Aliquam non mauris.');
insert into comments (comment_id, idea, content) values (192, 196, 'Sed accumsan felis.');
insert into comments (comment_id, idea, content) values (193, 570, 'Sed vel enim sit amet nunc viverra dapibus.');
insert into comments (comment_id, idea, content) values (194, 943, 'Pellentesque eget nunc.');
insert into comments (comment_id, idea, content) values (195, 209, 'Nulla facilisi.');
insert into comments (comment_id, idea, content) values (196, 187, 'Morbi a ipsum.');
insert into comments (comment_id, idea, content) values (197, 178, 'Suspendisse potenti.');
insert into comments (comment_id, idea, content) values (198, 342, 'Mauris sit amet eros.');
insert into comments (comment_id, idea, content) values (199, 792, 'Donec odio justo, sollicitudin ut, suscipit a, feugiat et, eros.');
insert into comments (comment_id, idea, content) values (200, 755, 'Aliquam erat volutpat.');
insert into comments (comment_id, idea, content) values (201, 980, 'In eleifend quam a odio.');
insert into comments (comment_id, idea, content) values (202, 453, 'Donec posuere metus vitae ipsum.');
insert into comments (comment_id, idea, content) values (203, 437, 'Morbi non lectus.');
insert into comments (comment_id, idea, content) values (204, 422, 'Etiam pretium iaculis justo.');
insert into comments (comment_id, idea, content) values (205, 660, 'Donec ut dolor.');
insert into comments (comment_id, idea, content) values (206, 615, 'Cras mi pede, malesuada in, imperdiet et, commodo vulputate, justo.');
insert into comments (comment_id, idea, content) values (207, 350, 'Curabitur in libero ut massa volutpat convallis.');
insert into comments (comment_id, idea, content) values (208, 421, 'In congue.');
insert into comments (comment_id, idea, content) values (209, 765, 'Vestibulum ante ipsum primis in faucibus orci luctus et ultrices posuere cubilia Curae; Nulla dapibus dolor vel est.');
insert into comments (comment_id, idea, content) values (210, 738, 'Duis aliquam convallis nunc.');
insert into comments (comment_id, idea, content) values (211, 97, 'Vivamus vestibulum sagittis sapien.');
insert into comments (comment_id, idea, content) values (212, 644, 'Nulla tellus.');
insert into comments (comment_id, idea, content) values (213, 671, 'Maecenas leo odio, condimentum id, luctus nec, molestie sed, justo.');
insert into comments (comment_id, idea, content) values (214, 637, 'Suspendisse potenti.');
insert into comments (comment_id, idea, content) values (215, 276, 'Integer a nibh.');
insert into comments (comment_id, idea, content) values (216, 357, 'In hac habitasse platea dictumst.');
insert into comments (comment_id, idea, content) values (217, 99, 'Nulla tellus.');
insert into comments (comment_id, idea, content) values (218, 955, 'Curabitur at ipsum ac tellus semper interdum.');
insert into comments (comment_id, idea, content) values (219, 181, 'Quisque erat eros, viverra eget, congue eget, semper rutrum, nulla.');
insert into comments (comment_id, idea, content) values (220, 291, 'Morbi vel lectus in quam fringilla rhoncus.');
insert into comments (comment_id, idea, content) values (221, 204, 'Praesent blandit.');
insert into comments (comment_id, idea, content) values (222, 493, 'Quisque porta volutpat erat.');
insert into comments (comment_id, idea, content) values (223, 764, 'In hac habitasse platea dictumst.');
insert into comments (comment_id, idea, content) values (224, 539, 'Vestibulum ante ipsum primis in faucibus orci luctus et ultrices posuere cubilia Curae; Duis faucibus accumsan odio.');
insert into comments (comment_id, idea, content) values (225, 697, 'Phasellus id sapien in sapien iaculis congue.');
insert into comments (comment_id, idea, content) values (226, 5, 'Nullam porttitor lacus at turpis.');
insert into comments (comment_id, idea, content) values (227, 825, 'Maecenas leo odio, condimentum id, luctus nec, molestie sed, justo.');
insert into comments (comment_id, idea, content) values (228, 515, 'Mauris sit amet eros.');
insert into comments (comment_id, idea, content) values (229, 250, 'Maecenas tristique, est et tempus semper, est quam pharetra magna, ac consequat metus sapien ut nunc.');
insert into comments (comment_id, idea, content) values (230, 797, 'Vestibulum ante ipsum primis in faucibus orci luctus et ultrices posuere cubilia Curae; Donec pharetra, magna vestibulum aliquet ultrices, erat tortor sollicitudin mi, sit amet lobortis sapien sapien non mi.');
insert into comments (comment_id, idea, content) values (231, 910, 'Nulla justo.');
insert into comments (comment_id, idea, content) values (232, 655, 'Quisque arcu libero, rutrum ac, lobortis vel, dapibus at, diam.');
insert into comments (comment_id, idea, content) values (233, 507, 'Mauris enim leo, rhoncus sed, vestibulum sit amet, cursus id, turpis.');
insert into comments (comment_id, idea, content) values (234, 222, 'Donec diam neque, vestibulum eget, vulputate ut, ultrices vel, augue.');
insert into comments (comment_id, idea, content) values (235, 990, 'Nunc rhoncus dui vel sem.');
insert into comments (comment_id, idea, content) values (236, 868, 'Maecenas pulvinar lobortis est.');
insert into comments (comment_id, idea, content) values (237, 979, 'Pellentesque at nulla.');
insert into comments (comment_id, idea, content) values (238, 541, 'Curabitur in libero ut massa volutpat convallis.');
insert into comments (comment_id, idea, content) values (239, 114, 'Aenean sit amet justo.');
insert into comments (comment_id, idea, content) values (240, 724, 'Maecenas tristique, est et tempus semper, est quam pharetra magna, ac consequat metus sapien ut nunc.');
insert into comments (comment_id, idea, content) values (241, 490, 'Duis bibendum.');
insert into comments (comment_id, idea, content) values (242, 675, 'Maecenas ut massa quis augue luctus tincidunt.');
insert into comments (comment_id, idea, content) values (243, 271, 'Nulla mollis molestie lorem.');
insert into comments (comment_id, idea, content) values (244, 241, 'Integer pede justo, lacinia eget, tincidunt eget, tempus vel, pede.');
insert into comments (comment_id, idea, content) values (245, 877, 'Fusce lacus purus, aliquet at, feugiat non, pretium quis, lectus.');
insert into comments (comment_id, idea, content) values (246, 754, 'Quisque id justo sit amet sapien dignissim vestibulum.');
insert into comments (comment_id, idea, content) values (247, 746, 'Aenean fermentum.');
insert into comments (comment_id, idea, content) values (248, 268, 'Nulla tellus.');
insert into comments (comment_id, idea, content) values (249, 554, 'Nulla tellus.');
insert into comments (comment_id, idea, content) values (250, 642, 'Quisque id justo sit amet sapien dignissim vestibulum.');
insert into comments (comment_id, idea, content) values (251, 716, 'Duis mattis egestas metus.');
insert into comments (comment_id, idea, content) values (252, 34, 'Nam congue, risus semper porta volutpat, quam pede lobortis ligula, sit amet eleifend pede libero quis orci.');
insert into comments (comment_id, idea, content) values (253, 116, 'Morbi porttitor lorem id ligula.');
insert into comments (comment_id, idea, content) values (254, 92, 'Suspendisse accumsan tortor quis turpis.');
insert into comments (comment_id, idea, content) values (255, 936, 'Vestibulum ante ipsum primis in faucibus orci luctus et ultrices posuere cubilia Curae; Duis faucibus accumsan odio.');
insert into comments (comment_id, idea, content) values (256, 993, 'In hac habitasse platea dictumst.');
insert into comments (comment_id, idea, content) values (257, 164, 'Maecenas ut massa quis augue luctus tincidunt.');
insert into comments (comment_id, idea, content) values (258, 194, 'Maecenas ut massa quis augue luctus tincidunt.');
insert into comments (comment_id, idea, content) values (259, 139, 'Maecenas ut massa quis augue luctus tincidunt.');
insert into comments (comment_id, idea, content) values (260, 156, 'Morbi vel lectus in quam fringilla rhoncus.');
insert into comments (comment_id, idea, content) values (261, 956, 'Nullam orci pede, venenatis non, sodales sed, tincidunt eu, felis.');
insert into comments (comment_id, idea, content) values (262, 360, 'Duis bibendum.');
insert into comments (comment_id, idea, content) values (263, 85, 'Morbi vestibulum, velit id pretium iaculis, diam erat fermentum justo, nec condimentum neque sapien placerat ante.');
insert into comments (comment_id, idea, content) values (264, 875, 'Morbi sem mauris, laoreet ut, rhoncus aliquet, pulvinar sed, nisl.');
insert into comments (comment_id, idea, content) values (265, 371, 'Aliquam augue quam, sollicitudin vitae, consectetuer eget, rutrum at, lorem.');
insert into comments (comment_id, idea, content) values (266, 426, 'Etiam vel augue.');
insert into comments (comment_id, idea, content) values (267, 510, 'Vestibulum ante ipsum primis in faucibus orci luctus et ultrices posuere cubilia Curae; Donec pharetra, magna vestibulum aliquet ultrices, erat tortor sollicitudin mi, sit amet lobortis sapien sapien non mi.');
insert into comments (comment_id, idea, content) values (268, 86, 'Vivamus metus arcu, adipiscing molestie, hendrerit at, vulputate vitae, nisl.');
insert into comments (comment_id, idea, content) values (269, 993, 'Pellentesque at nulla.');
insert into comments (comment_id, idea, content) values (270, 332, 'Nulla tellus.');
insert into comments (comment_id, idea, content) values (271, 761, 'Nullam varius.');
insert into comments (comment_id, idea, content) values (272, 438, 'Morbi vestibulum, velit id pretium iaculis, diam erat fermentum justo, nec condimentum neque sapien placerat ante.');
insert into comments (comment_id, idea, content) values (273, 383, 'In hac habitasse platea dictumst.');
insert into comments (comment_id, idea, content) values (274, 625, 'Fusce consequat.');
insert into comments (comment_id, idea, content) values (275, 653, 'Mauris ullamcorper purus sit amet nulla.');
insert into comments (comment_id, idea, content) values (276, 547, 'Vivamus vel nulla eget eros elementum pellentesque.');
insert into comments (comment_id, idea, content) values (277, 160, 'Pellentesque eget nunc.');
insert into comments (comment_id, idea, content) values (278, 687, 'Donec odio justo, sollicitudin ut, suscipit a, feugiat et, eros.');
insert into comments (comment_id, idea, content) values (279, 219, 'Quisque erat eros, viverra eget, congue eget, semper rutrum, nulla.');
insert into comments (comment_id, idea, content) values (280, 205, 'Etiam justo.');
insert into comments (comment_id, idea, content) values (281, 383, 'Duis at velit eu est congue elementum.');
insert into comments (comment_id, idea, content) values (282, 521, 'Vestibulum ante ipsum primis in faucibus orci luctus et ultrices posuere cubilia Curae; Nulla dapibus dolor vel est.');
insert into comments (comment_id, idea, content) values (283, 682, 'Maecenas tincidunt lacus at velit.');
insert into comments (comment_id, idea, content) values (284, 436, 'Morbi non quam nec dui luctus rutrum.');
insert into comments (comment_id, idea, content) values (285, 395, 'Quisque arcu libero, rutrum ac, lobortis vel, dapibus at, diam.');
insert into comments (comment_id, idea, content) values (286, 305, 'Cras in purus eu magna vulputate luctus.');
insert into comments (comment_id, idea, content) values (287, 499, 'Duis aliquam convallis nunc.');
insert into comments (comment_id, idea, content) values (288, 934, 'Vestibulum quam sapien, varius ut, blandit non, interdum in, ante.');
insert into comments (comment_id, idea, content) values (289, 332, 'Nulla tempus.');
insert into comments (comment_id, idea, content) values (290, 813, 'Curabitur convallis.');
insert into comments (comment_id, idea, content) values (291, 714, 'Fusce consequat.');
insert into comments (comment_id, idea, content) values (292, 596, 'Nam nulla.');
insert into comments (comment_id, idea, content) values (293, 555, 'Maecenas pulvinar lobortis est.');
insert into comments (comment_id, idea, content) values (294, 872, 'Integer ac neque.');
insert into comments (comment_id, idea, content) values (295, 60, 'Ut tellus.');
insert into comments (comment_id, idea, content) values (296, 6, 'Nullam orci pede, venenatis non, sodales sed, tincidunt eu, felis.');
insert into comments (comment_id, idea, content) values (297, 485, 'Nulla mollis molestie lorem.');
insert into comments (comment_id, idea, content) values (298, 889, 'Etiam faucibus cursus urna.');
insert into comments (comment_id, idea, content) values (299, 858, 'Vestibulum ac est lacinia nisi venenatis tristique.');
insert into comments (comment_id, idea, content) values (300, 659, 'Suspendisse potenti.');
insert into comments (comment_id, idea, content) values (301, 939, 'Phasellus id sapien in sapien iaculis congue.');
insert into comments (comment_id, idea, content) values (302, 391, 'Vestibulum ante ipsum primis in faucibus orci luctus et ultrices posuere cubilia Curae; Donec pharetra, magna vestibulum aliquet ultrices, erat tortor sollicitudin mi, sit amet lobortis sapien sapien non mi.');
insert into comments (comment_id, idea, content) values (303, 703, 'Pellentesque at nulla.');
insert into comments (comment_id, idea, content) values (304, 41, 'Nullam porttitor lacus at turpis.');
insert into comments (comment_id, idea, content) values (305, 675, 'Proin risus.');
insert into comments (comment_id, idea, content) values (306, 904, 'Morbi odio odio, elementum eu, interdum eu, tincidunt in, leo.');
insert into comments (comment_id, idea, content) values (307, 82, 'Nullam porttitor lacus at turpis.');
insert into comments (comment_id, idea, content) values (308, 764, 'In eleifend quam a odio.');
insert into comments (comment_id, idea, content) values (309, 462, 'Morbi vel lectus in quam fringilla rhoncus.');
insert into comments (comment_id, idea, content) values (310, 403, 'Praesent blandit lacinia erat.');
insert into comments (comment_id, idea, content) values (311, 927, 'Morbi non lectus.');
insert into comments (comment_id, idea, content) values (312, 949, 'Cum sociis natoque penatibus et magnis dis parturient montes, nascetur ridiculus mus.');
insert into comments (comment_id, idea, content) values (313, 23, 'In sagittis dui vel nisl.');
insert into comments (comment_id, idea, content) values (314, 581, 'Integer pede justo, lacinia eget, tincidunt eget, tempus vel, pede.');
insert into comments (comment_id, idea, content) values (315, 833, 'Praesent id massa id nisl venenatis lacinia.');
insert into comments (comment_id, idea, content) values (316, 865, 'Vestibulum ante ipsum primis in faucibus orci luctus et ultrices posuere cubilia Curae; Nulla dapibus dolor vel est.');
insert into comments (comment_id, idea, content) values (317, 285, 'Praesent lectus.');
insert into comments (comment_id, idea, content) values (318, 727, 'Aenean lectus.');
insert into comments (comment_id, idea, content) values (319, 668, 'Integer aliquet, massa id lobortis convallis, tortor risus dapibus augue, vel accumsan tellus nisi eu orci.');
insert into comments (comment_id, idea, content) values (320, 571, 'Maecenas rhoncus aliquam lacus.');
insert into comments (comment_id, idea, content) values (321, 766, 'Integer non velit.');
insert into comments (comment_id, idea, content) values (322, 743, 'Aenean fermentum.');
insert into comments (comment_id, idea, content) values (323, 408, 'Maecenas ut massa quis augue luctus tincidunt.');
insert into comments (comment_id, idea, content) values (324, 819, 'In hac habitasse platea dictumst.');
insert into comments (comment_id, idea, content) values (325, 933, 'Lorem ipsum dolor sit amet, consectetuer adipiscing elit.');
insert into comments (comment_id, idea, content) values (326, 230, 'Nam congue, risus semper porta volutpat, quam pede lobortis ligula, sit amet eleifend pede libero quis orci.');
insert into comments (comment_id, idea, content) values (327, 480, 'Nulla neque libero, convallis eget, eleifend luctus, ultricies eu, nibh.');
insert into comments (comment_id, idea, content) values (328, 671, 'Pellentesque ultrices mattis odio.');
insert into comments (comment_id, idea, content) values (329, 809, 'Integer tincidunt ante vel ipsum.');
insert into comments (comment_id, idea, content) values (330, 428, 'Nullam varius.');
insert into comments (comment_id, idea, content) values (331, 353, 'Nunc purus.');
insert into comments (comment_id, idea, content) values (332, 737, 'Phasellus id sapien in sapien iaculis congue.');
insert into comments (comment_id, idea, content) values (333, 713, 'Nulla nisl.');
insert into comments (comment_id, idea, content) values (334, 943, 'Pellentesque eget nunc.');
insert into comments (comment_id, idea, content) values (335, 128, 'Quisque erat eros, viverra eget, congue eget, semper rutrum, nulla.');
insert into comments (comment_id, idea, content) values (336, 279, 'Sed ante.');
insert into comments (comment_id, idea, content) values (337, 900, 'Duis aliquam convallis nunc.');
insert into comments (comment_id, idea, content) values (338, 48, 'Cras in purus eu magna vulputate luctus.');
insert into comments (comment_id, idea, content) values (339, 635, 'Integer aliquet, massa id lobortis convallis, tortor risus dapibus augue, vel accumsan tellus nisi eu orci.');
insert into comments (comment_id, idea, content) values (340, 58, 'Curabitur in libero ut massa volutpat convallis.');
insert into comments (comment_id, idea, content) values (341, 41, 'Vivamus vestibulum sagittis sapien.');
insert into comments (comment_id, idea, content) values (342, 752, 'Mauris lacinia sapien quis libero.');
insert into comments (comment_id, idea, content) values (343, 808, 'Cras pellentesque volutpat dui.');
insert into comments (comment_id, idea, content) values (344, 980, 'Mauris sit amet eros.');
insert into comments (comment_id, idea, content) values (345, 308, 'Praesent blandit.');
insert into comments (comment_id, idea, content) values (346, 103, 'Etiam justo.');
insert into comments (comment_id, idea, content) values (347, 440, 'Sed vel enim sit amet nunc viverra dapibus.');
insert into comments (comment_id, idea, content) values (348, 178, 'Aliquam augue quam, sollicitudin vitae, consectetuer eget, rutrum at, lorem.');
insert into comments (comment_id, idea, content) values (349, 939, 'Pellentesque ultrices mattis odio.');
insert into comments (comment_id, idea, content) values (350, 203, 'Proin risus.');
insert into comments (comment_id, idea, content) values (351, 452, 'Vivamus metus arcu, adipiscing molestie, hendrerit at, vulputate vitae, nisl.');
insert into comments (comment_id, idea, content) values (352, 294, 'Donec vitae nisi.');
insert into comments (comment_id, idea, content) values (353, 974, 'Praesent lectus.');
insert into comments (comment_id, idea, content) values (354, 492, 'Duis at velit eu est congue elementum.');
insert into comments (comment_id, idea, content) values (355, 39, 'Vestibulum rutrum rutrum neque.');
insert into comments (comment_id, idea, content) values (356, 179, 'Nulla ut erat id mauris vulputate elementum.');
insert into comments (comment_id, idea, content) values (357, 35, 'Nulla tellus.');
insert into comments (comment_id, idea, content) values (358, 789, 'Donec posuere metus vitae ipsum.');
insert into comments (comment_id, idea, content) values (359, 800, 'Praesent lectus.');
insert into comments (comment_id, idea, content) values (360, 436, 'Curabitur convallis.');
insert into comments (comment_id, idea, content) values (361, 260, 'Vestibulum quam sapien, varius ut, blandit non, interdum in, ante.');
insert into comments (comment_id, idea, content) values (362, 477, 'Proin at turpis a pede posuere nonummy.');
insert into comments (comment_id, idea, content) values (363, 236, 'In sagittis dui vel nisl.');
insert into comments (comment_id, idea, content) values (364, 635, 'Etiam justo.');
insert into comments (comment_id, idea, content) values (365, 972, 'In blandit ultrices enim.');
insert into comments (comment_id, idea, content) values (366, 199, 'Pellentesque ultrices mattis odio.');
insert into comments (comment_id, idea, content) values (367, 238, 'Aliquam quis turpis eget elit sodales scelerisque.');
insert into comments (comment_id, idea, content) values (368, 437, 'Vestibulum ante ipsum primis in faucibus orci luctus et ultrices posuere cubilia Curae; Nulla dapibus dolor vel est.');
insert into comments (comment_id, idea, content) values (369, 387, 'Nam dui.');
insert into comments (comment_id, idea, content) values (370, 757, 'Vivamus metus arcu, adipiscing molestie, hendrerit at, vulputate vitae, nisl.');
insert into comments (comment_id, idea, content) values (371, 20, 'Quisque id justo sit amet sapien dignissim vestibulum.');
insert into comments (comment_id, idea, content) values (372, 298, 'Donec diam neque, vestibulum eget, vulputate ut, ultrices vel, augue.');
insert into comments (comment_id, idea, content) values (373, 504, 'In congue.');
insert into comments (comment_id, idea, content) values (374, 659, 'Nam dui.');
insert into comments (comment_id, idea, content) values (375, 931, 'Aliquam quis turpis eget elit sodales scelerisque.');
insert into comments (comment_id, idea, content) values (376, 334, 'Nulla ac enim.');
insert into comments (comment_id, idea, content) values (377, 315, 'Curabitur gravida nisi at nibh.');
insert into comments (comment_id, idea, content) values (378, 570, 'Quisque erat eros, viverra eget, congue eget, semper rutrum, nulla.');
insert into comments (comment_id, idea, content) values (379, 879, 'Integer non velit.');
insert into comments (comment_id, idea, content) values (380, 951, 'Donec diam neque, vestibulum eget, vulputate ut, ultrices vel, augue.');
insert into comments (comment_id, idea, content) values (381, 560, 'Curabitur in libero ut massa volutpat convallis.');
insert into comments (comment_id, idea, content) values (382, 510, 'Etiam faucibus cursus urna.');
insert into comments (comment_id, idea, content) values (383, 614, 'Phasellus id sapien in sapien iaculis congue.');
insert into comments (comment_id, idea, content) values (384, 705, 'Maecenas tristique, est et tempus semper, est quam pharetra magna, ac consequat metus sapien ut nunc.');
insert into comments (comment_id, idea, content) values (385, 439, 'Cras pellentesque volutpat dui.');
insert into comments (comment_id, idea, content) values (386, 328, 'Mauris enim leo, rhoncus sed, vestibulum sit amet, cursus id, turpis.');
insert into comments (comment_id, idea, content) values (387, 754, 'Vivamus in felis eu sapien cursus vestibulum.');
insert into comments (comment_id, idea, content) values (388, 338, 'Maecenas rhoncus aliquam lacus.');
insert into comments (comment_id, idea, content) values (389, 83, 'Aenean sit amet justo.');
insert into comments (comment_id, idea, content) values (390, 828, 'In sagittis dui vel nisl.');
insert into comments (comment_id, idea, content) values (391, 89, 'Vestibulum quam sapien, varius ut, blandit non, interdum in, ante.');
insert into comments (comment_id, idea, content) values (392, 725, 'Morbi vel lectus in quam fringilla rhoncus.');
insert into comments (comment_id, idea, content) values (393, 141, 'Fusce consequat.');
insert into comments (comment_id, idea, content) values (394, 122, 'Mauris sit amet eros.');
insert into comments (comment_id, idea, content) values (395, 307, 'Nullam sit amet turpis elementum ligula vehicula consequat.');
insert into comments (comment_id, idea, content) values (396, 605, 'Duis consequat dui nec nisi volutpat eleifend.');
insert into comments (comment_id, idea, content) values (397, 113, 'Curabitur convallis.');
insert into comments (comment_id, idea, content) values (398, 235, 'Vivamus in felis eu sapien cursus vestibulum.');
insert into comments (comment_id, idea, content) values (399, 27, 'Aenean fermentum.');
insert into comments (comment_id, idea, content) values (400, 777, 'Quisque arcu libero, rutrum ac, lobortis vel, dapibus at, diam.');
insert into comments (comment_id, idea, content) values (401, 275, 'Morbi porttitor lorem id ligula.');
insert into comments (comment_id, idea, content) values (402, 284, 'Sed vel enim sit amet nunc viverra dapibus.');
insert into comments (comment_id, idea, content) values (403, 192, 'Suspendisse potenti.');
insert into comments (comment_id, idea, content) values (404, 188, 'Curabitur gravida nisi at nibh.');
insert into comments (comment_id, idea, content) values (405, 952, 'Proin interdum mauris non ligula pellentesque ultrices.');
insert into comments (comment_id, idea, content) values (406, 599, 'Maecenas tincidunt lacus at velit.');
insert into comments (comment_id, idea, content) values (407, 761, 'Suspendisse ornare consequat lectus.');
insert into comments (comment_id, idea, content) values (408, 752, 'Fusce posuere felis sed lacus.');
insert into comments (comment_id, idea, content) values (409, 226, 'Nulla ac enim.');
insert into comments (comment_id, idea, content) values (410, 680, 'Maecenas rhoncus aliquam lacus.');
insert into comments (comment_id, idea, content) values (411, 754, 'Ut at dolor quis odio consequat varius.');
insert into comments (comment_id, idea, content) values (412, 556, 'Mauris lacinia sapien quis libero.');
insert into comments (comment_id, idea, content) values (413, 561, 'Quisque arcu libero, rutrum ac, lobortis vel, dapibus at, diam.');
insert into comments (comment_id, idea, content) values (414, 996, 'Suspendisse accumsan tortor quis turpis.');
insert into comments (comment_id, idea, content) values (415, 148, 'Duis bibendum, felis sed interdum venenatis, turpis enim blandit mi, in porttitor pede justo eu massa.');
insert into comments (comment_id, idea, content) values (416, 318, 'Vestibulum ante ipsum primis in faucibus orci luctus et ultrices posuere cubilia Curae; Donec pharetra, magna vestibulum aliquet ultrices, erat tortor sollicitudin mi, sit amet lobortis sapien sapien non mi.');
insert into comments (comment_id, idea, content) values (417, 536, 'Quisque erat eros, viverra eget, congue eget, semper rutrum, nulla.');
insert into comments (comment_id, idea, content) values (418, 810, 'Morbi vestibulum, velit id pretium iaculis, diam erat fermentum justo, nec condimentum neque sapien placerat ante.');
insert into comments (comment_id, idea, content) values (419, 11, 'Cum sociis natoque penatibus et magnis dis parturient montes, nascetur ridiculus mus.');
insert into comments (comment_id, idea, content) values (420, 984, 'Vivamus metus arcu, adipiscing molestie, hendrerit at, vulputate vitae, nisl.');
insert into comments (comment_id, idea, content) values (421, 414, 'In eleifend quam a odio.');
insert into comments (comment_id, idea, content) values (422, 643, 'Mauris enim leo, rhoncus sed, vestibulum sit amet, cursus id, turpis.');
insert into comments (comment_id, idea, content) values (423, 252, 'Suspendisse accumsan tortor quis turpis.');
insert into comments (comment_id, idea, content) values (424, 543, 'In quis justo.');
insert into comments (comment_id, idea, content) values (425, 463, 'Nam nulla.');
insert into comments (comment_id, idea, content) values (426, 745, 'Curabitur convallis.');
insert into comments (comment_id, idea, content) values (427, 145, 'Duis aliquam convallis nunc.');
insert into comments (comment_id, idea, content) values (428, 366, 'Duis ac nibh.');
insert into comments (comment_id, idea, content) values (429, 625, 'Proin interdum mauris non ligula pellentesque ultrices.');
insert into comments (comment_id, idea, content) values (430, 252, 'Cum sociis natoque penatibus et magnis dis parturient montes, nascetur ridiculus mus.');
insert into comments (comment_id, idea, content) values (431, 482, 'Vivamus metus arcu, adipiscing molestie, hendrerit at, vulputate vitae, nisl.');
insert into comments (comment_id, idea, content) values (432, 510, 'Quisque ut erat.');
insert into comments (comment_id, idea, content) values (433, 277, 'Quisque ut erat.');
insert into comments (comment_id, idea, content) values (434, 162, 'Aliquam non mauris.');
insert into comments (comment_id, idea, content) values (435, 168, 'In tempor, turpis nec euismod scelerisque, quam turpis adipiscing lorem, vitae mattis nibh ligula nec sem.');
insert into comments (comment_id, idea, content) values (436, 153, 'Nulla nisl.');
insert into comments (comment_id, idea, content) values (437, 625, 'Curabitur at ipsum ac tellus semper interdum.');
insert into comments (comment_id, idea, content) values (438, 991, 'Pellentesque viverra pede ac diam.');
insert into comments (comment_id, idea, content) values (439, 947, 'Morbi a ipsum.');
insert into comments (comment_id, idea, content) values (440, 519, 'Suspendisse accumsan tortor quis turpis.');
insert into comments (comment_id, idea, content) values (441, 34, 'Maecenas pulvinar lobortis est.');
insert into comments (comment_id, idea, content) values (442, 19, 'Sed sagittis.');
insert into comments (comment_id, idea, content) values (443, 170, 'Nullam orci pede, venenatis non, sodales sed, tincidunt eu, felis.');
insert into comments (comment_id, idea, content) values (444, 245, 'Pellentesque ultrices mattis odio.');
insert into comments (comment_id, idea, content) values (445, 206, 'Nam ultrices, libero non mattis pulvinar, nulla pede ullamcorper augue, a suscipit nulla elit ac nulla.');
insert into comments (comment_id, idea, content) values (446, 145, 'Morbi ut odio.');
insert into comments (comment_id, idea, content) values (447, 378, 'Donec posuere metus vitae ipsum.');
insert into comments (comment_id, idea, content) values (448, 596, 'Integer non velit.');
insert into comments (comment_id, idea, content) values (449, 898, 'Nulla suscipit ligula in lacus.');
insert into comments (comment_id, idea, content) values (450, 564, 'Morbi sem mauris, laoreet ut, rhoncus aliquet, pulvinar sed, nisl.');
insert into comments (comment_id, idea, content) values (451, 917, 'Vestibulum sed magna at nunc commodo placerat.');
insert into comments (comment_id, idea, content) values (452, 209, 'Duis consequat dui nec nisi volutpat eleifend.');
insert into comments (comment_id, idea, content) values (453, 91, 'Nam nulla.');
insert into comments (comment_id, idea, content) values (454, 562, 'Suspendisse accumsan tortor quis turpis.');
insert into comments (comment_id, idea, content) values (455, 733, 'Nulla ut erat id mauris vulputate elementum.');
insert into comments (comment_id, idea, content) values (456, 311, 'Morbi sem mauris, laoreet ut, rhoncus aliquet, pulvinar sed, nisl.');
insert into comments (comment_id, idea, content) values (457, 575, 'Duis consequat dui nec nisi volutpat eleifend.');
insert into comments (comment_id, idea, content) values (458, 880, 'Quisque id justo sit amet sapien dignissim vestibulum.');
insert into comments (comment_id, idea, content) values (459, 782, 'Duis bibendum.');
insert into comments (comment_id, idea, content) values (460, 480, 'Maecenas tristique, est et tempus semper, est quam pharetra magna, ac consequat metus sapien ut nunc.');
insert into comments (comment_id, idea, content) values (461, 504, 'Quisque porta volutpat erat.');
insert into comments (comment_id, idea, content) values (462, 835, 'Mauris enim leo, rhoncus sed, vestibulum sit amet, cursus id, turpis.');
insert into comments (comment_id, idea, content) values (463, 783, 'In hac habitasse platea dictumst.');
insert into comments (comment_id, idea, content) values (464, 803, 'Proin interdum mauris non ligula pellentesque ultrices.');
insert into comments (comment_id, idea, content) values (465, 115, 'Morbi vestibulum, velit id pretium iaculis, diam erat fermentum justo, nec condimentum neque sapien placerat ante.');
insert into comments (comment_id, idea, content) values (466, 7, 'Aliquam erat volutpat.');
insert into comments (comment_id, idea, content) values (467, 611, 'Donec quis orci eget orci vehicula condimentum.');
insert into comments (comment_id, idea, content) values (468, 736, 'Quisque id justo sit amet sapien dignissim vestibulum.');
insert into comments (comment_id, idea, content) values (469, 364, 'Praesent lectus.');
insert into comments (comment_id, idea, content) values (470, 746, 'Aliquam sit amet diam in magna bibendum imperdiet.');
insert into comments (comment_id, idea, content) values (471, 716, 'Nulla tellus.');
insert into comments (comment_id, idea, content) values (472, 758, 'Cras non velit nec nisi vulputate nonummy.');
insert into comments (comment_id, idea, content) values (473, 36, 'Duis bibendum.');
insert into comments (comment_id, idea, content) values (474, 991, 'Quisque porta volutpat erat.');
insert into comments (comment_id, idea, content) values (475, 961, 'Maecenas pulvinar lobortis est.');
insert into comments (comment_id, idea, content) values (476, 652, 'Nulla neque libero, convallis eget, eleifend luctus, ultricies eu, nibh.');
insert into comments (comment_id, idea, content) values (477, 271, 'Suspendisse potenti.');
insert into comments (comment_id, idea, content) values (478, 83, 'Suspendisse accumsan tortor quis turpis.');
insert into comments (comment_id, idea, content) values (479, 766, 'Lorem ipsum dolor sit amet, consectetuer adipiscing elit.');
insert into comments (comment_id, idea, content) values (480, 268, 'Vestibulum sed magna at nunc commodo placerat.');
insert into comments (comment_id, idea, content) values (481, 631, 'Morbi quis tortor id nulla ultrices aliquet.');
insert into comments (comment_id, idea, content) values (482, 983, 'Integer aliquet, massa id lobortis convallis, tortor risus dapibus augue, vel accumsan tellus nisi eu orci.');
insert into comments (comment_id, idea, content) values (483, 936, 'Morbi porttitor lorem id ligula.');
insert into comments (comment_id, idea, content) values (484, 675, 'Duis at velit eu est congue elementum.');
insert into comments (comment_id, idea, content) values (485, 276, 'Aliquam augue quam, sollicitudin vitae, consectetuer eget, rutrum at, lorem.');
insert into comments (comment_id, idea, content) values (486, 569, 'Aliquam augue quam, sollicitudin vitae, consectetuer eget, rutrum at, lorem.');
insert into comments (comment_id, idea, content) values (487, 365, 'Integer tincidunt ante vel ipsum.');
insert into comments (comment_id, idea, content) values (488, 220, 'Phasellus sit amet erat.');
insert into comments (comment_id, idea, content) values (489, 602, 'In hac habitasse platea dictumst.');
insert into comments (comment_id, idea, content) values (490, 30, 'Fusce posuere felis sed lacus.');
insert into comments (comment_id, idea, content) values (491, 4, 'Vestibulum ac est lacinia nisi venenatis tristique.');
insert into comments (comment_id, idea, content) values (492, 956, 'Sed ante.');
insert into comments (comment_id, idea, content) values (493, 718, 'Pellentesque viverra pede ac diam.');
insert into comments (comment_id, idea, content) values (494, 113, 'Pellentesque ultrices mattis odio.');
insert into comments (comment_id, idea, content) values (495, 600, 'Integer ac neque.');
insert into comments (comment_id, idea, content) values (496, 700, 'Curabitur gravida nisi at nibh.');
insert into comments (comment_id, idea, content) values (497, 181, 'Duis consequat dui nec nisi volutpat eleifend.');
insert into comments (comment_id, idea, content) values (498, 90, 'Nulla justo.');
insert into comments (comment_id, idea, content) values (499, 229, 'Nulla facilisi.');
insert into comments (comment_id, idea, content) values (500, 231, 'Quisque arcu libero, rutrum ac, lobortis vel, dapibus at, diam.');
insert into comments (comment_id, idea, content) values (501, 666, 'Etiam faucibus cursus urna.');
insert into comments (comment_id, idea, content) values (502, 282, 'Integer aliquet, massa id lobortis convallis, tortor risus dapibus augue, vel accumsan tellus nisi eu orci.');
insert into comments (comment_id, idea, content) values (503, 942, 'Integer aliquet, massa id lobortis convallis, tortor risus dapibus augue, vel accumsan tellus nisi eu orci.');
insert into comments (comment_id, idea, content) values (504, 32, 'Nullam orci pede, venenatis non, sodales sed, tincidunt eu, felis.');
insert into comments (comment_id, idea, content) values (505, 671, 'Curabitur convallis.');
insert into comments (comment_id, idea, content) values (506, 188, 'Aenean fermentum.');
insert into comments (comment_id, idea, content) values (507, 279, 'Proin leo odio, porttitor id, consequat in, consequat ut, nulla.');
insert into comments (comment_id, idea, content) values (508, 739, 'Cum sociis natoque penatibus et magnis dis parturient montes, nascetur ridiculus mus.');
insert into comments (comment_id, idea, content) values (509, 383, 'Pellentesque at nulla.');
insert into comments (comment_id, idea, content) values (510, 571, 'Pellentesque at nulla.');
insert into comments (comment_id, idea, content) values (511, 29, 'Integer aliquet, massa id lobortis convallis, tortor risus dapibus augue, vel accumsan tellus nisi eu orci.');
insert into comments (comment_id, idea, content) values (512, 467, 'Maecenas tincidunt lacus at velit.');
insert into comments (comment_id, idea, content) values (513, 299, 'Vestibulum ac est lacinia nisi venenatis tristique.');
insert into comments (comment_id, idea, content) values (514, 344, 'Lorem ipsum dolor sit amet, consectetuer adipiscing elit.');
insert into comments (comment_id, idea, content) values (515, 536, 'Vestibulum ante ipsum primis in faucibus orci luctus et ultrices posuere cubilia Curae; Duis faucibus accumsan odio.');
insert into comments (comment_id, idea, content) values (516, 834, 'Proin interdum mauris non ligula pellentesque ultrices.');
insert into comments (comment_id, idea, content) values (517, 263, 'Praesent blandit lacinia erat.');
insert into comments (comment_id, idea, content) values (518, 37, 'Quisque porta volutpat erat.');
insert into comments (comment_id, idea, content) values (519, 712, 'Donec semper sapien a libero.');
insert into comments (comment_id, idea, content) values (520, 370, 'Integer ac neque.');
insert into comments (comment_id, idea, content) values (521, 73, 'Vestibulum ante ipsum primis in faucibus orci luctus et ultrices posuere cubilia Curae; Duis faucibus accumsan odio.');
insert into comments (comment_id, idea, content) values (522, 518, 'Nam congue, risus semper porta volutpat, quam pede lobortis ligula, sit amet eleifend pede libero quis orci.');
insert into comments (comment_id, idea, content) values (523, 879, 'Cras mi pede, malesuada in, imperdiet et, commodo vulputate, justo.');
insert into comments (comment_id, idea, content) values (524, 967, 'In hac habitasse platea dictumst.');
insert into comments (comment_id, idea, content) values (525, 628, 'Proin interdum mauris non ligula pellentesque ultrices.');
insert into comments (comment_id, idea, content) values (526, 841, 'Quisque erat eros, viverra eget, congue eget, semper rutrum, nulla.');
insert into comments (comment_id, idea, content) values (527, 704, 'Nulla ut erat id mauris vulputate elementum.');
insert into comments (comment_id, idea, content) values (528, 179, 'Aliquam augue quam, sollicitudin vitae, consectetuer eget, rutrum at, lorem.');
insert into comments (comment_id, idea, content) values (529, 805, 'In est risus, auctor sed, tristique in, tempus sit amet, sem.');
insert into comments (comment_id, idea, content) values (530, 342, 'Mauris lacinia sapien quis libero.');
insert into comments (comment_id, idea, content) values (531, 484, 'Praesent id massa id nisl venenatis lacinia.');
insert into comments (comment_id, idea, content) values (532, 470, 'Integer ac leo.');
insert into comments (comment_id, idea, content) values (533, 207, 'Maecenas rhoncus aliquam lacus.');
insert into comments (comment_id, idea, content) values (534, 900, 'Quisque porta volutpat erat.');
insert into comments (comment_id, idea, content) values (535, 530, 'Praesent id massa id nisl venenatis lacinia.');
insert into comments (comment_id, idea, content) values (536, 481, 'Sed sagittis.');
insert into comments (comment_id, idea, content) values (537, 564, 'Integer non velit.');
insert into comments (comment_id, idea, content) values (538, 221, 'Duis bibendum.');
insert into comments (comment_id, idea, content) values (539, 545, 'Donec ut mauris eget massa tempor convallis.');
insert into comments (comment_id, idea, content) values (540, 666, 'Curabitur gravida nisi at nibh.');
insert into comments (comment_id, idea, content) values (541, 524, 'Cras mi pede, malesuada in, imperdiet et, commodo vulputate, justo.');
insert into comments (comment_id, idea, content) values (542, 976, 'Vestibulum rutrum rutrum neque.');
insert into comments (comment_id, idea, content) values (543, 168, 'Duis consequat dui nec nisi volutpat eleifend.');
insert into comments (comment_id, idea, content) values (544, 413, 'Maecenas tincidunt lacus at velit.');
insert into comments (comment_id, idea, content) values (545, 890, 'Duis consequat dui nec nisi volutpat eleifend.');
insert into comments (comment_id, idea, content) values (546, 734, 'Cras mi pede, malesuada in, imperdiet et, commodo vulputate, justo.');
insert into comments (comment_id, idea, content) values (547, 978, 'Morbi quis tortor id nulla ultrices aliquet.');
insert into comments (comment_id, idea, content) values (548, 47, 'Ut at dolor quis odio consequat varius.');
insert into comments (comment_id, idea, content) values (549, 273, 'Cras in purus eu magna vulputate luctus.');
insert into comments (comment_id, idea, content) values (550, 378, 'Cras non velit nec nisi vulputate nonummy.');
insert into comments (comment_id, idea, content) values (551, 377, 'Praesent id massa id nisl venenatis lacinia.');
insert into comments (comment_id, idea, content) values (552, 551, 'Vestibulum ante ipsum primis in faucibus orci luctus et ultrices posuere cubilia Curae; Mauris viverra diam vitae quam.');
insert into comments (comment_id, idea, content) values (553, 787, 'Nullam varius.');
insert into comments (comment_id, idea, content) values (554, 182, 'Nullam orci pede, venenatis non, sodales sed, tincidunt eu, felis.');
insert into comments (comment_id, idea, content) values (555, 466, 'Duis bibendum.');
insert into comments (comment_id, idea, content) values (556, 595, 'Fusce congue, diam id ornare imperdiet, sapien urna pretium nisl, ut volutpat sapien arcu sed augue.');
insert into comments (comment_id, idea, content) values (557, 832, 'Etiam vel augue.');
insert into comments (comment_id, idea, content) values (558, 621, 'Phasellus sit amet erat.');
insert into comments (comment_id, idea, content) values (559, 99, 'Donec dapibus.');
insert into comments (comment_id, idea, content) values (560, 431, 'Donec ut mauris eget massa tempor convallis.');
insert into comments (comment_id, idea, content) values (561, 687, 'Curabitur in libero ut massa volutpat convallis.');
insert into comments (comment_id, idea, content) values (562, 800, 'Cum sociis natoque penatibus et magnis dis parturient montes, nascetur ridiculus mus.');
insert into comments (comment_id, idea, content) values (563, 459, 'Aliquam non mauris.');
insert into comments (comment_id, idea, content) values (564, 53, 'Aliquam sit amet diam in magna bibendum imperdiet.');
insert into comments (comment_id, idea, content) values (565, 957, 'Cras non velit nec nisi vulputate nonummy.');
insert into comments (comment_id, idea, content) values (566, 885, 'Donec ut mauris eget massa tempor convallis.');
insert into comments (comment_id, idea, content) values (567, 294, 'Etiam faucibus cursus urna.');
insert into comments (comment_id, idea, content) values (568, 869, 'Nulla ac enim.');
insert into comments (comment_id, idea, content) values (569, 795, 'Sed accumsan felis.');
insert into comments (comment_id, idea, content) values (570, 137, 'In quis justo.');
insert into comments (comment_id, idea, content) values (571, 447, 'Aliquam non mauris.');
insert into comments (comment_id, idea, content) values (572, 295, 'Duis aliquam convallis nunc.');
insert into comments (comment_id, idea, content) values (573, 327, 'Duis ac nibh.');
insert into comments (comment_id, idea, content) values (574, 507, 'Cras in purus eu magna vulputate luctus.');
insert into comments (comment_id, idea, content) values (575, 720, 'Nulla ut erat id mauris vulputate elementum.');
insert into comments (comment_id, idea, content) values (576, 715, 'In blandit ultrices enim.');
insert into comments (comment_id, idea, content) values (577, 431, 'Curabitur at ipsum ac tellus semper interdum.');
insert into comments (comment_id, idea, content) values (578, 697, 'Integer tincidunt ante vel ipsum.');
insert into comments (comment_id, idea, content) values (579, 136, 'Nulla justo.');
insert into comments (comment_id, idea, content) values (580, 408, 'Phasellus in felis.');
insert into comments (comment_id, idea, content) values (581, 905, 'Mauris lacinia sapien quis libero.');
insert into comments (comment_id, idea, content) values (582, 906, 'Etiam faucibus cursus urna.');
insert into comments (comment_id, idea, content) values (583, 658, 'Aliquam augue quam, sollicitudin vitae, consectetuer eget, rutrum at, lorem.');
insert into comments (comment_id, idea, content) values (584, 399, 'Sed ante.');
insert into comments (comment_id, idea, content) values (585, 1000, 'In quis justo.');
insert into comments (comment_id, idea, content) values (586, 675, 'Morbi non lectus.');
insert into comments (comment_id, idea, content) values (587, 386, 'Morbi ut odio.');
insert into comments (comment_id, idea, content) values (588, 944, 'Pellentesque eget nunc.');
insert into comments (comment_id, idea, content) values (589, 194, 'In hac habitasse platea dictumst.');
insert into comments (comment_id, idea, content) values (590, 255, 'Nunc rhoncus dui vel sem.');
insert into comments (comment_id, idea, content) values (591, 55, 'Nulla facilisi.');
insert into comments (comment_id, idea, content) values (592, 614, 'Nullam varius.');
insert into comments (comment_id, idea, content) values (593, 275, 'Duis bibendum, felis sed interdum venenatis, turpis enim blandit mi, in porttitor pede justo eu massa.');
insert into comments (comment_id, idea, content) values (594, 428, 'Nullam varius.');
insert into comments (comment_id, idea, content) values (595, 645, 'Mauris sit amet eros.');
insert into comments (comment_id, idea, content) values (596, 233, 'Donec vitae nisi.');
insert into comments (comment_id, idea, content) values (597, 138, 'Ut tellus.');
insert into comments (comment_id, idea, content) values (598, 716, 'Curabitur convallis.');
insert into comments (comment_id, idea, content) values (599, 124, 'Nullam orci pede, venenatis non, sodales sed, tincidunt eu, felis.');
insert into comments (comment_id, idea, content) values (600, 647, 'Duis at velit eu est congue elementum.');
insert into comments (comment_id, idea, content) values (601, 604, 'Mauris enim leo, rhoncus sed, vestibulum sit amet, cursus id, turpis.');
insert into comments (comment_id, idea, content) values (602, 678, 'Duis mattis egestas metus.');
insert into comments (comment_id, idea, content) values (603, 255, 'Etiam pretium iaculis justo.');
insert into comments (comment_id, idea, content) values (604, 215, 'Morbi vestibulum, velit id pretium iaculis, diam erat fermentum justo, nec condimentum neque sapien placerat ante.');
insert into comments (comment_id, idea, content) values (605, 307, 'Proin leo odio, porttitor id, consequat in, consequat ut, nulla.');
insert into comments (comment_id, idea, content) values (606, 176, 'Proin risus.');
insert into comments (comment_id, idea, content) values (607, 766, 'Vivamus in felis eu sapien cursus vestibulum.');
insert into comments (comment_id, idea, content) values (608, 583, 'Vivamus vestibulum sagittis sapien.');
insert into comments (comment_id, idea, content) values (609, 511, 'Donec ut dolor.');
insert into comments (comment_id, idea, content) values (610, 595, 'Donec ut dolor.');
insert into comments (comment_id, idea, content) values (611, 776, 'Vivamus tortor.');
insert into comments (comment_id, idea, content) values (612, 220, 'Curabitur at ipsum ac tellus semper interdum.');
insert into comments (comment_id, idea, content) values (613, 616, 'Morbi vel lectus in quam fringilla rhoncus.');
insert into comments (comment_id, idea, content) values (614, 470, 'Proin eu mi.');
insert into comments (comment_id, idea, content) values (615, 107, 'Aliquam augue quam, sollicitudin vitae, consectetuer eget, rutrum at, lorem.');
insert into comments (comment_id, idea, content) values (616, 27, 'Duis mattis egestas metus.');
insert into comments (comment_id, idea, content) values (617, 491, 'Aenean fermentum.');
insert into comments (comment_id, idea, content) values (618, 107, 'Maecenas pulvinar lobortis est.');
insert into comments (comment_id, idea, content) values (619, 174, 'Morbi odio odio, elementum eu, interdum eu, tincidunt in, leo.');
insert into comments (comment_id, idea, content) values (620, 594, 'Vivamus vestibulum sagittis sapien.');
insert into comments (comment_id, idea, content) values (621, 611, 'Integer ac neque.');
insert into comments (comment_id, idea, content) values (622, 823, 'Curabitur convallis.');
insert into comments (comment_id, idea, content) values (623, 895, 'Pellentesque eget nunc.');
insert into comments (comment_id, idea, content) values (624, 919, 'Lorem ipsum dolor sit amet, consectetuer adipiscing elit.');
insert into comments (comment_id, idea, content) values (625, 555, 'Aliquam sit amet diam in magna bibendum imperdiet.');
insert into comments (comment_id, idea, content) values (626, 76, 'Morbi vel lectus in quam fringilla rhoncus.');
insert into comments (comment_id, idea, content) values (627, 828, 'Quisque id justo sit amet sapien dignissim vestibulum.');
insert into comments (comment_id, idea, content) values (628, 971, 'Etiam pretium iaculis justo.');
insert into comments (comment_id, idea, content) values (629, 482, 'Etiam justo.');
insert into comments (comment_id, idea, content) values (630, 365, 'Aliquam sit amet diam in magna bibendum imperdiet.');
insert into comments (comment_id, idea, content) values (631, 94, 'Vestibulum ante ipsum primis in faucibus orci luctus et ultrices posuere cubilia Curae; Mauris viverra diam vitae quam.');
insert into comments (comment_id, idea, content) values (632, 395, 'Integer a nibh.');
insert into comments (comment_id, idea, content) values (633, 849, 'Nulla mollis molestie lorem.');
insert into comments (comment_id, idea, content) values (634, 537, 'Vestibulum ante ipsum primis in faucibus orci luctus et ultrices posuere cubilia Curae; Donec pharetra, magna vestibulum aliquet ultrices, erat tortor sollicitudin mi, sit amet lobortis sapien sapien non mi.');
insert into comments (comment_id, idea, content) values (635, 407, 'Nunc purus.');
insert into comments (comment_id, idea, content) values (636, 653, 'Vestibulum ante ipsum primis in faucibus orci luctus et ultrices posuere cubilia Curae; Duis faucibus accumsan odio.');
insert into comments (comment_id, idea, content) values (637, 782, 'Praesent blandit lacinia erat.');
insert into comments (comment_id, idea, content) values (638, 830, 'Proin interdum mauris non ligula pellentesque ultrices.');
insert into comments (comment_id, idea, content) values (639, 760, 'Sed ante.');
insert into comments (comment_id, idea, content) values (640, 41, 'Vivamus metus arcu, adipiscing molestie, hendrerit at, vulputate vitae, nisl.');
insert into comments (comment_id, idea, content) values (641, 530, 'Aenean auctor gravida sem.');
insert into comments (comment_id, idea, content) values (642, 982, 'Lorem ipsum dolor sit amet, consectetuer adipiscing elit.');
insert into comments (comment_id, idea, content) values (643, 160, 'Donec diam neque, vestibulum eget, vulputate ut, ultrices vel, augue.');
insert into comments (comment_id, idea, content) values (644, 723, 'Proin eu mi.');
insert into comments (comment_id, idea, content) values (645, 378, 'Vivamus in felis eu sapien cursus vestibulum.');
insert into comments (comment_id, idea, content) values (646, 423, 'Morbi non lectus.');
insert into comments (comment_id, idea, content) values (647, 180, 'Duis consequat dui nec nisi volutpat eleifend.');
insert into comments (comment_id, idea, content) values (648, 410, 'Praesent blandit lacinia erat.');
insert into comments (comment_id, idea, content) values (649, 472, 'Nulla ut erat id mauris vulputate elementum.');
insert into comments (comment_id, idea, content) values (650, 841, 'Integer ac neque.');
insert into comments (comment_id, idea, content) values (651, 888, 'Cras mi pede, malesuada in, imperdiet et, commodo vulputate, justo.');
insert into comments (comment_id, idea, content) values (652, 480, 'Nullam sit amet turpis elementum ligula vehicula consequat.');
insert into comments (comment_id, idea, content) values (653, 400, 'Etiam justo.');
insert into comments (comment_id, idea, content) values (654, 24, 'Pellentesque at nulla.');
insert into comments (comment_id, idea, content) values (655, 931, 'Morbi vestibulum, velit id pretium iaculis, diam erat fermentum justo, nec condimentum neque sapien placerat ante.');
insert into comments (comment_id, idea, content) values (656, 184, 'Morbi vel lectus in quam fringilla rhoncus.');
insert into comments (comment_id, idea, content) values (657, 385, 'Fusce posuere felis sed lacus.');
insert into comments (comment_id, idea, content) values (658, 917, 'Maecenas rhoncus aliquam lacus.');
insert into comments (comment_id, idea, content) values (659, 454, 'Integer non velit.');
insert into comments (comment_id, idea, content) values (660, 148, 'Nunc purus.');
insert into comments (comment_id, idea, content) values (661, 810, 'Mauris ullamcorper purus sit amet nulla.');
insert into comments (comment_id, idea, content) values (662, 645, 'Morbi sem mauris, laoreet ut, rhoncus aliquet, pulvinar sed, nisl.');
insert into comments (comment_id, idea, content) values (663, 659, 'Nullam varius.');
insert into comments (comment_id, idea, content) values (664, 393, 'Duis consequat dui nec nisi volutpat eleifend.');
insert into comments (comment_id, idea, content) values (665, 900, 'Nullam porttitor lacus at turpis.');
insert into comments (comment_id, idea, content) values (666, 819, 'Maecenas pulvinar lobortis est.');
insert into comments (comment_id, idea, content) values (667, 669, 'In est risus, auctor sed, tristique in, tempus sit amet, sem.');
insert into comments (comment_id, idea, content) values (668, 745, 'Maecenas pulvinar lobortis est.');
insert into comments (comment_id, idea, content) values (669, 572, 'Vivamus vel nulla eget eros elementum pellentesque.');
insert into comments (comment_id, idea, content) values (670, 233, 'Proin leo odio, porttitor id, consequat in, consequat ut, nulla.');
insert into comments (comment_id, idea, content) values (671, 74, 'Fusce consequat.');
insert into comments (comment_id, idea, content) values (672, 618, 'Nam dui.');
insert into comments (comment_id, idea, content) values (673, 604, 'Mauris sit amet eros.');
insert into comments (comment_id, idea, content) values (674, 55, 'Nulla ut erat id mauris vulputate elementum.');
insert into comments (comment_id, idea, content) values (675, 666, 'Vestibulum ante ipsum primis in faucibus orci luctus et ultrices posuere cubilia Curae; Nulla dapibus dolor vel est.');
insert into comments (comment_id, idea, content) values (676, 63, 'Proin at turpis a pede posuere nonummy.');
insert into comments (comment_id, idea, content) values (677, 962, 'Ut tellus.');
insert into comments (comment_id, idea, content) values (678, 385, 'Sed ante.');
insert into comments (comment_id, idea, content) values (679, 6, 'Pellentesque ultrices mattis odio.');
insert into comments (comment_id, idea, content) values (680, 844, 'Praesent blandit lacinia erat.');
insert into comments (comment_id, idea, content) values (681, 168, 'Phasellus sit amet erat.');
insert into comments (comment_id, idea, content) values (682, 892, 'Phasellus sit amet erat.');
insert into comments (comment_id, idea, content) values (683, 790, 'Integer tincidunt ante vel ipsum.');
insert into comments (comment_id, idea, content) values (684, 953, 'Vivamus vel nulla eget eros elementum pellentesque.');
insert into comments (comment_id, idea, content) values (685, 125, 'Maecenas tristique, est et tempus semper, est quam pharetra magna, ac consequat metus sapien ut nunc.');
insert into comments (comment_id, idea, content) values (686, 401, 'In congue.');
insert into comments (comment_id, idea, content) values (687, 66, 'Praesent blandit lacinia erat.');
insert into comments (comment_id, idea, content) values (688, 272, 'Sed sagittis.');
insert into comments (comment_id, idea, content) values (689, 870, 'Praesent id massa id nisl venenatis lacinia.');
insert into comments (comment_id, idea, content) values (690, 270, 'Ut tellus.');
insert into comments (comment_id, idea, content) values (691, 348, 'Cras in purus eu magna vulputate luctus.');
insert into comments (comment_id, idea, content) values (692, 598, 'Aenean auctor gravida sem.');
insert into comments (comment_id, idea, content) values (693, 203, 'Integer pede justo, lacinia eget, tincidunt eget, tempus vel, pede.');
insert into comments (comment_id, idea, content) values (694, 48, 'Nulla ac enim.');
insert into comments (comment_id, idea, content) values (695, 93, 'Donec odio justo, sollicitudin ut, suscipit a, feugiat et, eros.');
insert into comments (comment_id, idea, content) values (696, 829, 'Sed ante.');
insert into comments (comment_id, idea, content) values (697, 792, 'In hac habitasse platea dictumst.');
insert into comments (comment_id, idea, content) values (698, 880, 'Donec odio justo, sollicitudin ut, suscipit a, feugiat et, eros.');
insert into comments (comment_id, idea, content) values (699, 812, 'Nam ultrices, libero non mattis pulvinar, nulla pede ullamcorper augue, a suscipit nulla elit ac nulla.');
insert into comments (comment_id, idea, content) values (700, 517, 'Nam ultrices, libero non mattis pulvinar, nulla pede ullamcorper augue, a suscipit nulla elit ac nulla.');
insert into comments (comment_id, idea, content) values (701, 647, 'Etiam pretium iaculis justo.');
insert into comments (comment_id, idea, content) values (702, 795, 'Morbi non quam nec dui luctus rutrum.');
insert into comments (comment_id, idea, content) values (703, 274, 'Morbi odio odio, elementum eu, interdum eu, tincidunt in, leo.');
insert into comments (comment_id, idea, content) values (704, 943, 'Integer tincidunt ante vel ipsum.');
insert into comments (comment_id, idea, content) values (705, 440, 'Vestibulum ante ipsum primis in faucibus orci luctus et ultrices posuere cubilia Curae; Duis faucibus accumsan odio.');
insert into comments (comment_id, idea, content) values (706, 799, 'Pellentesque eget nunc.');
insert into comments (comment_id, idea, content) values (707, 296, 'Nullam orci pede, venenatis non, sodales sed, tincidunt eu, felis.');
insert into comments (comment_id, idea, content) values (708, 863, 'Duis bibendum, felis sed interdum venenatis, turpis enim blandit mi, in porttitor pede justo eu massa.');
insert into comments (comment_id, idea, content) values (709, 967, 'Integer a nibh.');
insert into comments (comment_id, idea, content) values (710, 119, 'Phasellus sit amet erat.');
insert into comments (comment_id, idea, content) values (711, 289, 'Aenean sit amet justo.');
insert into comments (comment_id, idea, content) values (712, 511, 'Pellentesque at nulla.');
insert into comments (comment_id, idea, content) values (713, 427, 'In tempor, turpis nec euismod scelerisque, quam turpis adipiscing lorem, vitae mattis nibh ligula nec sem.');
insert into comments (comment_id, idea, content) values (714, 626, 'Nulla ut erat id mauris vulputate elementum.');
insert into comments (comment_id, idea, content) values (715, 333, 'Morbi a ipsum.');
insert into comments (comment_id, idea, content) values (716, 990, 'Cras mi pede, malesuada in, imperdiet et, commodo vulputate, justo.');
insert into comments (comment_id, idea, content) values (717, 127, 'Curabitur in libero ut massa volutpat convallis.');
insert into comments (comment_id, idea, content) values (718, 777, 'Vestibulum ante ipsum primis in faucibus orci luctus et ultrices posuere cubilia Curae; Nulla dapibus dolor vel est.');
insert into comments (comment_id, idea, content) values (719, 80, 'Etiam pretium iaculis justo.');
insert into comments (comment_id, idea, content) values (720, 26, 'Suspendisse potenti.');
insert into comments (comment_id, idea, content) values (721, 409, 'Nam tristique tortor eu pede.');
insert into comments (comment_id, idea, content) values (722, 215, 'Nam nulla.');
insert into comments (comment_id, idea, content) values (723, 387, 'Nulla justo.');
insert into comments (comment_id, idea, content) values (724, 269, 'Curabitur at ipsum ac tellus semper interdum.');
insert into comments (comment_id, idea, content) values (725, 505, 'Donec ut mauris eget massa tempor convallis.');
insert into comments (comment_id, idea, content) values (726, 996, 'Maecenas ut massa quis augue luctus tincidunt.');
insert into comments (comment_id, idea, content) values (727, 174, 'Fusce consequat.');
insert into comments (comment_id, idea, content) values (728, 496, 'Nam nulla.');
insert into comments (comment_id, idea, content) values (729, 142, 'In congue.');
insert into comments (comment_id, idea, content) values (730, 71, 'Fusce posuere felis sed lacus.');
insert into comments (comment_id, idea, content) values (731, 154, 'Suspendisse potenti.');
insert into comments (comment_id, idea, content) values (732, 257, 'Nam dui.');
insert into comments (comment_id, idea, content) values (733, 592, 'Integer ac leo.');
insert into comments (comment_id, idea, content) values (734, 240, 'Duis at velit eu est congue elementum.');
insert into comments (comment_id, idea, content) values (735, 606, 'Cras pellentesque volutpat dui.');
insert into comments (comment_id, idea, content) values (736, 263, 'Vestibulum ac est lacinia nisi venenatis tristique.');
insert into comments (comment_id, idea, content) values (737, 802, 'Fusce lacus purus, aliquet at, feugiat non, pretium quis, lectus.');
insert into comments (comment_id, idea, content) values (738, 229, 'Quisque arcu libero, rutrum ac, lobortis vel, dapibus at, diam.');
insert into comments (comment_id, idea, content) values (739, 724, 'Cras non velit nec nisi vulputate nonummy.');
insert into comments (comment_id, idea, content) values (740, 470, 'Morbi sem mauris, laoreet ut, rhoncus aliquet, pulvinar sed, nisl.');
insert into comments (comment_id, idea, content) values (741, 909, 'Curabitur convallis.');
insert into comments (comment_id, idea, content) values (742, 298, 'Morbi quis tortor id nulla ultrices aliquet.');
insert into comments (comment_id, idea, content) values (743, 599, 'Integer ac neque.');
insert into comments (comment_id, idea, content) values (744, 430, 'Phasellus in felis.');
insert into comments (comment_id, idea, content) values (745, 208, 'Nulla mollis molestie lorem.');
insert into comments (comment_id, idea, content) values (746, 396, 'Donec ut mauris eget massa tempor convallis.');
insert into comments (comment_id, idea, content) values (747, 850, 'Praesent id massa id nisl venenatis lacinia.');
insert into comments (comment_id, idea, content) values (748, 343, 'Nullam sit amet turpis elementum ligula vehicula consequat.');
insert into comments (comment_id, idea, content) values (749, 270, 'Nullam orci pede, venenatis non, sodales sed, tincidunt eu, felis.');
insert into comments (comment_id, idea, content) values (750, 322, 'Nam dui.');
insert into comments (comment_id, idea, content) values (751, 707, 'Vestibulum ante ipsum primis in faucibus orci luctus et ultrices posuere cubilia Curae; Donec pharetra, magna vestibulum aliquet ultrices, erat tortor sollicitudin mi, sit amet lobortis sapien sapien non mi.');
insert into comments (comment_id, idea, content) values (752, 976, 'Duis bibendum.');
insert into comments (comment_id, idea, content) values (753, 924, 'Suspendisse accumsan tortor quis turpis.');
insert into comments (comment_id, idea, content) values (754, 954, 'Nam nulla.');
insert into comments (comment_id, idea, content) values (755, 793, 'Morbi sem mauris, laoreet ut, rhoncus aliquet, pulvinar sed, nisl.');
insert into comments (comment_id, idea, content) values (756, 202, 'Donec dapibus.');
insert into comments (comment_id, idea, content) values (757, 56, 'Suspendisse ornare consequat lectus.');
insert into comments (comment_id, idea, content) values (758, 271, 'Vestibulum sed magna at nunc commodo placerat.');
insert into comments (comment_id, idea, content) values (759, 308, 'Quisque porta volutpat erat.');
insert into comments (comment_id, idea, content) values (760, 866, 'Vestibulum ante ipsum primis in faucibus orci luctus et ultrices posuere cubilia Curae; Mauris viverra diam vitae quam.');
insert into comments (comment_id, idea, content) values (761, 799, 'In hac habitasse platea dictumst.');
insert into comments (comment_id, idea, content) values (762, 846, 'Cras non velit nec nisi vulputate nonummy.');
insert into comments (comment_id, idea, content) values (763, 362, 'Fusce lacus purus, aliquet at, feugiat non, pretium quis, lectus.');
insert into comments (comment_id, idea, content) values (764, 574, 'Cras mi pede, malesuada in, imperdiet et, commodo vulputate, justo.');
insert into comments (comment_id, idea, content) values (765, 690, 'Integer non velit.');
insert into comments (comment_id, idea, content) values (766, 660, 'Pellentesque at nulla.');
insert into comments (comment_id, idea, content) values (767, 502, 'Nulla facilisi.');
insert into comments (comment_id, idea, content) values (768, 627, 'In sagittis dui vel nisl.');
insert into comments (comment_id, idea, content) values (769, 596, 'Integer ac neque.');
insert into comments (comment_id, idea, content) values (770, 166, 'Nulla facilisi.');
insert into comments (comment_id, idea, content) values (771, 911, 'Nam congue, risus semper porta volutpat, quam pede lobortis ligula, sit amet eleifend pede libero quis orci.');
insert into comments (comment_id, idea, content) values (772, 49, 'Donec diam neque, vestibulum eget, vulputate ut, ultrices vel, augue.');
insert into comments (comment_id, idea, content) values (773, 574, 'Ut tellus.');
insert into comments (comment_id, idea, content) values (774, 925, 'Maecenas rhoncus aliquam lacus.');
insert into comments (comment_id, idea, content) values (775, 251, 'Proin eu mi.');
insert into comments (comment_id, idea, content) values (776, 991, 'In quis justo.');
insert into comments (comment_id, idea, content) values (777, 18, 'In hac habitasse platea dictumst.');
insert into comments (comment_id, idea, content) values (778, 516, 'Maecenas ut massa quis augue luctus tincidunt.');
insert into comments (comment_id, idea, content) values (779, 45, 'In hac habitasse platea dictumst.');
insert into comments (comment_id, idea, content) values (780, 880, 'Aliquam sit amet diam in magna bibendum imperdiet.');
insert into comments (comment_id, idea, content) values (781, 868, 'Morbi ut odio.');
insert into comments (comment_id, idea, content) values (782, 749, 'Morbi porttitor lorem id ligula.');
insert into comments (comment_id, idea, content) values (783, 571, 'Suspendisse potenti.');
insert into comments (comment_id, idea, content) values (784, 706, 'Fusce lacus purus, aliquet at, feugiat non, pretium quis, lectus.');
insert into comments (comment_id, idea, content) values (785, 552, 'In quis justo.');
insert into comments (comment_id, idea, content) values (786, 717, 'Duis consequat dui nec nisi volutpat eleifend.');
insert into comments (comment_id, idea, content) values (787, 867, 'Quisque ut erat.');
insert into comments (comment_id, idea, content) values (788, 450, 'Aliquam sit amet diam in magna bibendum imperdiet.');
insert into comments (comment_id, idea, content) values (789, 185, 'Morbi sem mauris, laoreet ut, rhoncus aliquet, pulvinar sed, nisl.');
insert into comments (comment_id, idea, content) values (790, 798, 'Donec diam neque, vestibulum eget, vulputate ut, ultrices vel, augue.');
insert into comments (comment_id, idea, content) values (791, 724, 'In est risus, auctor sed, tristique in, tempus sit amet, sem.');
insert into comments (comment_id, idea, content) values (792, 157, 'Morbi quis tortor id nulla ultrices aliquet.');
insert into comments (comment_id, idea, content) values (793, 789, 'Duis mattis egestas metus.');
insert into comments (comment_id, idea, content) values (794, 545, 'Nullam varius.');
insert into comments (comment_id, idea, content) values (795, 962, 'Fusce lacus purus, aliquet at, feugiat non, pretium quis, lectus.');
insert into comments (comment_id, idea, content) values (796, 93, 'Etiam justo.');
insert into comments (comment_id, idea, content) values (797, 237, 'Phasellus sit amet erat.');
insert into comments (comment_id, idea, content) values (798, 135, 'Cras non velit nec nisi vulputate nonummy.');
insert into comments (comment_id, idea, content) values (799, 791, 'Suspendisse accumsan tortor quis turpis.');
insert into comments (comment_id, idea, content) values (800, 451, 'Curabitur at ipsum ac tellus semper interdum.');
insert into comments (comment_id, idea, content) values (801, 898, 'Vivamus in felis eu sapien cursus vestibulum.');
insert into comments (comment_id, idea, content) values (802, 768, 'Nunc rhoncus dui vel sem.');
insert into comments (comment_id, idea, content) values (803, 717, 'Nam nulla.');
insert into comments (comment_id, idea, content) values (804, 271, 'Nullam sit amet turpis elementum ligula vehicula consequat.');
insert into comments (comment_id, idea, content) values (805, 750, 'Suspendisse potenti.');
insert into comments (comment_id, idea, content) values (806, 401, 'Pellentesque eget nunc.');
insert into comments (comment_id, idea, content) values (807, 577, 'In congue.');
insert into comments (comment_id, idea, content) values (808, 348, 'Pellentesque ultrices mattis odio.');
insert into comments (comment_id, idea, content) values (809, 978, 'Morbi non quam nec dui luctus rutrum.');
insert into comments (comment_id, idea, content) values (810, 759, 'Nulla suscipit ligula in lacus.');
insert into comments (comment_id, idea, content) values (811, 213, 'Aliquam quis turpis eget elit sodales scelerisque.');
insert into comments (comment_id, idea, content) values (812, 980, 'Fusce consequat.');
insert into comments (comment_id, idea, content) values (813, 476, 'Quisque erat eros, viverra eget, congue eget, semper rutrum, nulla.');
insert into comments (comment_id, idea, content) values (814, 415, 'Pellentesque eget nunc.');
insert into comments (comment_id, idea, content) values (815, 383, 'Vestibulum ante ipsum primis in faucibus orci luctus et ultrices posuere cubilia Curae; Nulla dapibus dolor vel est.');
insert into comments (comment_id, idea, content) values (816, 431, 'Nunc rhoncus dui vel sem.');
insert into comments (comment_id, idea, content) values (817, 461, 'Integer pede justo, lacinia eget, tincidunt eget, tempus vel, pede.');
insert into comments (comment_id, idea, content) values (818, 335, 'Ut at dolor quis odio consequat varius.');
insert into comments (comment_id, idea, content) values (819, 884, 'Nam tristique tortor eu pede.');
insert into comments (comment_id, idea, content) values (820, 663, 'Pellentesque ultrices mattis odio.');
insert into comments (comment_id, idea, content) values (821, 52, 'Pellentesque at nulla.');
insert into comments (comment_id, idea, content) values (822, 418, 'Donec posuere metus vitae ipsum.');
insert into comments (comment_id, idea, content) values (823, 7, 'Duis at velit eu est congue elementum.');
insert into comments (comment_id, idea, content) values (824, 730, 'Donec semper sapien a libero.');
insert into comments (comment_id, idea, content) values (825, 759, 'Morbi quis tortor id nulla ultrices aliquet.');
insert into comments (comment_id, idea, content) values (826, 584, 'Proin leo odio, porttitor id, consequat in, consequat ut, nulla.');
insert into comments (comment_id, idea, content) values (827, 835, 'In hac habitasse platea dictumst.');
insert into comments (comment_id, idea, content) values (828, 844, 'Maecenas tristique, est et tempus semper, est quam pharetra magna, ac consequat metus sapien ut nunc.');
insert into comments (comment_id, idea, content) values (829, 152, 'Nulla nisl.');
insert into comments (comment_id, idea, content) values (830, 514, 'Vestibulum ac est lacinia nisi venenatis tristique.');
insert into comments (comment_id, idea, content) values (831, 388, 'Nulla justo.');
insert into comments (comment_id, idea, content) values (832, 303, 'Integer non velit.');
insert into comments (comment_id, idea, content) values (833, 659, 'Mauris enim leo, rhoncus sed, vestibulum sit amet, cursus id, turpis.');
insert into comments (comment_id, idea, content) values (834, 81, 'Vestibulum ante ipsum primis in faucibus orci luctus et ultrices posuere cubilia Curae; Mauris viverra diam vitae quam.');
insert into comments (comment_id, idea, content) values (835, 495, 'Pellentesque eget nunc.');
insert into comments (comment_id, idea, content) values (836, 554, 'Suspendisse ornare consequat lectus.');
insert into comments (comment_id, idea, content) values (837, 954, 'Fusce congue, diam id ornare imperdiet, sapien urna pretium nisl, ut volutpat sapien arcu sed augue.');
insert into comments (comment_id, idea, content) values (838, 354, 'Nulla ac enim.');
insert into comments (comment_id, idea, content) values (839, 183, 'Proin eu mi.');
insert into comments (comment_id, idea, content) values (840, 284, 'Quisque ut erat.');
insert into comments (comment_id, idea, content) values (841, 586, 'Etiam vel augue.');
insert into comments (comment_id, idea, content) values (842, 957, 'Morbi non lectus.');
insert into comments (comment_id, idea, content) values (843, 777, 'Duis aliquam convallis nunc.');
insert into comments (comment_id, idea, content) values (844, 489, 'Duis at velit eu est congue elementum.');
insert into comments (comment_id, idea, content) values (845, 31, 'In sagittis dui vel nisl.');
insert into comments (comment_id, idea, content) values (846, 93, 'Nunc rhoncus dui vel sem.');
insert into comments (comment_id, idea, content) values (847, 159, 'Vestibulum sed magna at nunc commodo placerat.');
insert into comments (comment_id, idea, content) values (848, 411, 'Vestibulum ante ipsum primis in faucibus orci luctus et ultrices posuere cubilia Curae; Donec pharetra, magna vestibulum aliquet ultrices, erat tortor sollicitudin mi, sit amet lobortis sapien sapien non mi.');
insert into comments (comment_id, idea, content) values (849, 730, 'Sed ante.');
insert into comments (comment_id, idea, content) values (850, 623, 'Proin leo odio, porttitor id, consequat in, consequat ut, nulla.');
insert into comments (comment_id, idea, content) values (851, 113, 'Suspendisse potenti.');
insert into comments (comment_id, idea, content) values (852, 391, 'Aenean sit amet justo.');
insert into comments (comment_id, idea, content) values (853, 98, 'Fusce posuere felis sed lacus.');
insert into comments (comment_id, idea, content) values (854, 869, 'Maecenas leo odio, condimentum id, luctus nec, molestie sed, justo.');
insert into comments (comment_id, idea, content) values (855, 909, 'Cum sociis natoque penatibus et magnis dis parturient montes, nascetur ridiculus mus.');
insert into comments (comment_id, idea, content) values (856, 572, 'Donec ut dolor.');
insert into comments (comment_id, idea, content) values (857, 256, 'Curabitur convallis.');
insert into comments (comment_id, idea, content) values (858, 882, 'Aliquam sit amet diam in magna bibendum imperdiet.');
insert into comments (comment_id, idea, content) values (859, 745, 'Sed accumsan felis.');
insert into comments (comment_id, idea, content) values (860, 188, 'Vivamus metus arcu, adipiscing molestie, hendrerit at, vulputate vitae, nisl.');
insert into comments (comment_id, idea, content) values (861, 901, 'Curabitur convallis.');
insert into comments (comment_id, idea, content) values (862, 137, 'Donec quis orci eget orci vehicula condimentum.');
insert into comments (comment_id, idea, content) values (863, 532, 'Integer pede justo, lacinia eget, tincidunt eget, tempus vel, pede.');
insert into comments (comment_id, idea, content) values (864, 764, 'Morbi non quam nec dui luctus rutrum.');
insert into comments (comment_id, idea, content) values (865, 626, 'Mauris lacinia sapien quis libero.');
insert into comments (comment_id, idea, content) values (866, 46, 'Quisque ut erat.');
insert into comments (comment_id, idea, content) values (867, 402, 'Etiam justo.');
insert into comments (comment_id, idea, content) values (868, 969, 'In hac habitasse platea dictumst.');
insert into comments (comment_id, idea, content) values (869, 388, 'Integer non velit.');
insert into comments (comment_id, idea, content) values (870, 18, 'Lorem ipsum dolor sit amet, consectetuer adipiscing elit.');
insert into comments (comment_id, idea, content) values (871, 75, 'Vivamus vel nulla eget eros elementum pellentesque.');
insert into comments (comment_id, idea, content) values (872, 718, 'Vestibulum ante ipsum primis in faucibus orci luctus et ultrices posuere cubilia Curae; Mauris viverra diam vitae quam.');
insert into comments (comment_id, idea, content) values (873, 564, 'Donec vitae nisi.');
insert into comments (comment_id, idea, content) values (874, 281, 'Nullam varius.');
insert into comments (comment_id, idea, content) values (875, 218, 'Curabitur gravida nisi at nibh.');
insert into comments (comment_id, idea, content) values (876, 431, 'Praesent blandit.');
insert into comments (comment_id, idea, content) values (877, 135, 'Nulla justo.');
insert into comments (comment_id, idea, content) values (878, 938, 'Duis bibendum.');
insert into comments (comment_id, idea, content) values (879, 861, 'Mauris ullamcorper purus sit amet nulla.');
insert into comments (comment_id, idea, content) values (880, 738, 'Aenean auctor gravida sem.');
insert into comments (comment_id, idea, content) values (881, 305, 'Vivamus metus arcu, adipiscing molestie, hendrerit at, vulputate vitae, nisl.');
insert into comments (comment_id, idea, content) values (882, 382, 'Etiam pretium iaculis justo.');
insert into comments (comment_id, idea, content) values (883, 919, 'Praesent id massa id nisl venenatis lacinia.');
insert into comments (comment_id, idea, content) values (884, 540, 'Nulla ac enim.');
insert into comments (comment_id, idea, content) values (885, 769, 'Cras non velit nec nisi vulputate nonummy.');
insert into comments (comment_id, idea, content) values (886, 561, 'Nullam varius.');
insert into comments (comment_id, idea, content) values (887, 541, 'Nulla mollis molestie lorem.');
insert into comments (comment_id, idea, content) values (888, 584, 'Etiam justo.');
insert into comments (comment_id, idea, content) values (889, 452, 'Praesent id massa id nisl venenatis lacinia.');
insert into comments (comment_id, idea, content) values (890, 943, 'Curabitur in libero ut massa volutpat convallis.');
insert into comments (comment_id, idea, content) values (891, 265, 'Integer aliquet, massa id lobortis convallis, tortor risus dapibus augue, vel accumsan tellus nisi eu orci.');
insert into comments (comment_id, idea, content) values (892, 441, 'Quisque ut erat.');
insert into comments (comment_id, idea, content) values (893, 388, 'Donec posuere metus vitae ipsum.');
insert into comments (comment_id, idea, content) values (894, 764, 'Suspendisse potenti.');
insert into comments (comment_id, idea, content) values (895, 355, 'Donec quis orci eget orci vehicula condimentum.');
insert into comments (comment_id, idea, content) values (896, 516, 'Aliquam erat volutpat.');
insert into comments (comment_id, idea, content) values (897, 71, 'Nunc rhoncus dui vel sem.');
insert into comments (comment_id, idea, content) values (898, 537, 'Aenean fermentum.');
insert into comments (comment_id, idea, content) values (899, 243, 'In hac habitasse platea dictumst.');
insert into comments (comment_id, idea, content) values (900, 418, 'Mauris enim leo, rhoncus sed, vestibulum sit amet, cursus id, turpis.');
insert into comments (comment_id, idea, content) values (901, 578, 'Fusce congue, diam id ornare imperdiet, sapien urna pretium nisl, ut volutpat sapien arcu sed augue.');
insert into comments (comment_id, idea, content) values (902, 325, 'Duis aliquam convallis nunc.');
insert into comments (comment_id, idea, content) values (903, 254, 'Praesent blandit.');
insert into comments (comment_id, idea, content) values (904, 742, 'Vestibulum sed magna at nunc commodo placerat.');
insert into comments (comment_id, idea, content) values (905, 708, 'Nam nulla.');
insert into comments (comment_id, idea, content) values (906, 913, 'Morbi non quam nec dui luctus rutrum.');
insert into comments (comment_id, idea, content) values (907, 122, 'Aliquam sit amet diam in magna bibendum imperdiet.');
insert into comments (comment_id, idea, content) values (908, 143, 'Integer aliquet, massa id lobortis convallis, tortor risus dapibus augue, vel accumsan tellus nisi eu orci.');
insert into comments (comment_id, idea, content) values (909, 331, 'Mauris ullamcorper purus sit amet nulla.');
insert into comments (comment_id, idea, content) values (910, 308, 'Phasellus id sapien in sapien iaculis congue.');
insert into comments (comment_id, idea, content) values (911, 671, 'Nullam molestie nibh in lectus.');
insert into comments (comment_id, idea, content) values (912, 775, 'Morbi a ipsum.');
insert into comments (comment_id, idea, content) values (913, 327, 'Nullam sit amet turpis elementum ligula vehicula consequat.');
insert into comments (comment_id, idea, content) values (914, 657, 'Duis at velit eu est congue elementum.');
insert into comments (comment_id, idea, content) values (915, 389, 'Integer pede justo, lacinia eget, tincidunt eget, tempus vel, pede.');
insert into comments (comment_id, idea, content) values (916, 869, 'Vivamus vel nulla eget eros elementum pellentesque.');
insert into comments (comment_id, idea, content) values (917, 836, 'Aenean fermentum.');
insert into comments (comment_id, idea, content) values (918, 786, 'Mauris ullamcorper purus sit amet nulla.');
insert into comments (comment_id, idea, content) values (919, 220, 'Quisque id justo sit amet sapien dignissim vestibulum.');
insert into comments (comment_id, idea, content) values (920, 443, 'Vivamus metus arcu, adipiscing molestie, hendrerit at, vulputate vitae, nisl.');
insert into comments (comment_id, idea, content) values (921, 837, 'In blandit ultrices enim.');
insert into comments (comment_id, idea, content) values (922, 536, 'Vestibulum ante ipsum primis in faucibus orci luctus et ultrices posuere cubilia Curae; Donec pharetra, magna vestibulum aliquet ultrices, erat tortor sollicitudin mi, sit amet lobortis sapien sapien non mi.');
insert into comments (comment_id, idea, content) values (923, 451, 'Pellentesque at nulla.');
insert into comments (comment_id, idea, content) values (924, 873, 'Aliquam augue quam, sollicitudin vitae, consectetuer eget, rutrum at, lorem.');
insert into comments (comment_id, idea, content) values (925, 48, 'Fusce posuere felis sed lacus.');
insert into comments (comment_id, idea, content) values (926, 131, 'Quisque arcu libero, rutrum ac, lobortis vel, dapibus at, diam.');
insert into comments (comment_id, idea, content) values (927, 649, 'Sed sagittis.');
insert into comments (comment_id, idea, content) values (928, 687, 'Praesent blandit.');
insert into comments (comment_id, idea, content) values (929, 782, 'Mauris sit amet eros.');
insert into comments (comment_id, idea, content) values (930, 40, 'Morbi sem mauris, laoreet ut, rhoncus aliquet, pulvinar sed, nisl.');
insert into comments (comment_id, idea, content) values (931, 971, 'Lorem ipsum dolor sit amet, consectetuer adipiscing elit.');
insert into comments (comment_id, idea, content) values (932, 223, 'Vivamus vestibulum sagittis sapien.');
insert into comments (comment_id, idea, content) values (933, 268, 'Fusce congue, diam id ornare imperdiet, sapien urna pretium nisl, ut volutpat sapien arcu sed augue.');
insert into comments (comment_id, idea, content) values (934, 235, 'Phasellus id sapien in sapien iaculis congue.');
insert into comments (comment_id, idea, content) values (935, 861, 'Sed ante.');
insert into comments (comment_id, idea, content) values (936, 791, 'Vestibulum ante ipsum primis in faucibus orci luctus et ultrices posuere cubilia Curae; Duis faucibus accumsan odio.');
insert into comments (comment_id, idea, content) values (937, 915, 'Cras pellentesque volutpat dui.');
insert into comments (comment_id, idea, content) values (938, 292, 'Proin at turpis a pede posuere nonummy.');
insert into comments (comment_id, idea, content) values (939, 602, 'Etiam pretium iaculis justo.');
insert into comments (comment_id, idea, content) values (940, 377, 'Nulla tellus.');
insert into comments (comment_id, idea, content) values (941, 641, 'In hac habitasse platea dictumst.');
insert into comments (comment_id, idea, content) values (942, 346, 'Aenean auctor gravida sem.');
insert into comments (comment_id, idea, content) values (943, 151, 'Vestibulum quam sapien, varius ut, blandit non, interdum in, ante.');
insert into comments (comment_id, idea, content) values (944, 640, 'Aliquam non mauris.');
insert into comments (comment_id, idea, content) values (945, 428, 'Maecenas tincidunt lacus at velit.');
insert into comments (comment_id, idea, content) values (946, 704, 'Integer tincidunt ante vel ipsum.');
insert into comments (comment_id, idea, content) values (947, 210, 'Integer pede justo, lacinia eget, tincidunt eget, tempus vel, pede.');
insert into comments (comment_id, idea, content) values (948, 517, 'Integer aliquet, massa id lobortis convallis, tortor risus dapibus augue, vel accumsan tellus nisi eu orci.');
insert into comments (comment_id, idea, content) values (949, 656, 'Etiam faucibus cursus urna.');
insert into comments (comment_id, idea, content) values (950, 184, 'Aenean lectus.');
insert into comments (comment_id, idea, content) values (951, 732, 'Phasellus sit amet erat.');
insert into comments (comment_id, idea, content) values (952, 172, 'Vivamus vestibulum sagittis sapien.');
insert into comments (comment_id, idea, content) values (953, 6, 'Praesent blandit lacinia erat.');
insert into comments (comment_id, idea, content) values (954, 899, 'Morbi odio odio, elementum eu, interdum eu, tincidunt in, leo.');
insert into comments (comment_id, idea, content) values (955, 80, 'Curabitur at ipsum ac tellus semper interdum.');
insert into comments (comment_id, idea, content) values (956, 841, 'Vivamus vel nulla eget eros elementum pellentesque.');
insert into comments (comment_id, idea, content) values (957, 700, 'Phasellus sit amet erat.');
insert into comments (comment_id, idea, content) values (958, 328, 'Mauris ullamcorper purus sit amet nulla.');
insert into comments (comment_id, idea, content) values (959, 970, 'Proin interdum mauris non ligula pellentesque ultrices.');
insert into comments (comment_id, idea, content) values (960, 680, 'Praesent blandit.');
insert into comments (comment_id, idea, content) values (961, 207, 'Suspendisse accumsan tortor quis turpis.');
insert into comments (comment_id, idea, content) values (962, 627, 'Vestibulum ante ipsum primis in faucibus orci luctus et ultrices posuere cubilia Curae; Donec pharetra, magna vestibulum aliquet ultrices, erat tortor sollicitudin mi, sit amet lobortis sapien sapien non mi.');
insert into comments (comment_id, idea, content) values (963, 238, 'Aenean fermentum.');
insert into comments (comment_id, idea, content) values (964, 940, 'Mauris ullamcorper purus sit amet nulla.');
insert into comments (comment_id, idea, content) values (965, 406, 'Vestibulum sed magna at nunc commodo placerat.');
insert into comments (comment_id, idea, content) values (966, 847, 'Phasellus in felis.');
insert into comments (comment_id, idea, content) values (967, 248, 'Nam tristique tortor eu pede.');
insert into comments (comment_id, idea, content) values (968, 621, 'Integer a nibh.');
insert into comments (comment_id, idea, content) values (969, 369, 'Curabitur gravida nisi at nibh.');
insert into comments (comment_id, idea, content) values (970, 789, 'Mauris sit amet eros.');
insert into comments (comment_id, idea, content) values (971, 649, 'Suspendisse potenti.');
insert into comments (comment_id, idea, content) values (972, 307, 'Proin eu mi.');
insert into comments (comment_id, idea, content) values (973, 196, 'Cum sociis natoque penatibus et magnis dis parturient montes, nascetur ridiculus mus.');
insert into comments (comment_id, idea, content) values (974, 709, 'Duis consequat dui nec nisi volutpat eleifend.');
insert into comments (comment_id, idea, content) values (975, 526, 'Nulla tellus.');
insert into comments (comment_id, idea, content) values (976, 75, 'Maecenas rhoncus aliquam lacus.');
insert into comments (comment_id, idea, content) values (977, 124, 'Integer pede justo, lacinia eget, tincidunt eget, tempus vel, pede.');
insert into comments (comment_id, idea, content) values (978, 856, 'Aenean fermentum.');
insert into comments (comment_id, idea, content) values (979, 824, 'Phasellus in felis.');
insert into comments (comment_id, idea, content) values (980, 141, 'Vestibulum ante ipsum primis in faucibus orci luctus et ultrices posuere cubilia Curae; Mauris viverra diam vitae quam.');
insert into comments (comment_id, idea, content) values (981, 203, 'Donec dapibus.');
insert into comments (comment_id, idea, content) values (982, 991, 'Donec posuere metus vitae ipsum.');
insert into comments (comment_id, idea, content) values (983, 146, 'Aliquam augue quam, sollicitudin vitae, consectetuer eget, rutrum at, lorem.');
insert into comments (comment_id, idea, content) values (984, 770, 'Proin interdum mauris non ligula pellentesque ultrices.');
insert into comments (comment_id, idea, content) values (985, 979, 'Nulla mollis molestie lorem.');
insert into comments (comment_id, idea, content) values (986, 709, 'Nam congue, risus semper porta volutpat, quam pede lobortis ligula, sit amet eleifend pede libero quis orci.');
insert into comments (comment_id, idea, content) values (987, 289, 'Nulla facilisi.');
insert into comments (comment_id, idea, content) values (988, 599, 'Nunc purus.');
insert into comments (comment_id, idea, content) values (989, 267, 'Nulla tellus.');
insert into comments (comment_id, idea, content) values (990, 495, 'Vestibulum ante ipsum primis in faucibus orci luctus et ultrices posuere cubilia Curae; Duis faucibus accumsan odio.');
insert into comments (comment_id, idea, content) values (991, 359, 'Cum sociis natoque penatibus et magnis dis parturient montes, nascetur ridiculus mus.');
insert into comments (comment_id, idea, content) values (992, 961, 'Vestibulum ac est lacinia nisi venenatis tristique.');
insert into comments (comment_id, idea, content) values (993, 207, 'Duis aliquam convallis nunc.');
insert into comments (comment_id, idea, content) values (994, 559, 'In eleifend quam a odio.');
insert into comments (comment_id, idea, content) values (995, 472, 'Phasellus sit amet erat.');
insert into comments (comment_id, idea, content) values (996, 854, 'Morbi non lectus.');
insert into comments (comment_id, idea, content) values (997, 346, 'Vestibulum ante ipsum primis in faucibus orci luctus et ultrices posuere cubilia Curae; Duis faucibus accumsan odio.');
insert into comments (comment_id, idea, content) values (998, 781, 'Curabitur gravida nisi at nibh.');
insert into comments (comment_id, idea, content) values (999, 163, 'Donec diam neque, vestibulum eget, vulputate ut, ultrices vel, augue.');
insert into comments (comment_id, idea, content) values (1000, 404, 'Aliquam erat volutpat.');

